new_record_id,db_record_id,new_record_title,db_record_title,new_record_abstract,db_record_abstract,new_record_keywords,db_record_keywords,title_similarity,abstract_similarity,keywords_similarity,avg_similarity
10.5061/dryad.gf1vhhmmd,10.5281/zenodo.3461468,Thermodynamics of soil organic matter decomposition in semi-natural oak (Quercus) woodland in southwest Ireland,Impact of deadwood decomposition on soil organic carbon sequestration in Estonian and Polish forests,Open AccessDSC are already corrected to the base line to be integrated to obtain the  heat of combus...,Data for publication.,"13. Climate action,15. Life on land","13. Climate action,15. Life on land",0.6406571865081787,,1.0000001192092896,0.5468857685724894
10.5061/dryad.gf1vhhmmd,10.5281/zenodo.3461468,Thermodynamics of soil organic matter decomposition in semi-natural oak (Quercus) woodland in southwest Ireland,Impact of deadwood decomposition on soil organic carbon sequestration in Estonian and Polish forests,Open AccessDSC are already corrected to the base line to be integrated to obtain the  heat of combus...,Data for publication.,"13. Climate action,15. Life on land","13. Climate action,15. Life on land",0.6406571865081787,,1.0000001192092896,0.5468857685724894
10.5061/dryad.gf1vhhmmd,10.5061/dryad.g333f25,Thermodynamics of soil organic matter decomposition in semi-natural oak (Quercus) woodland in southwest Ireland,Data from: Water salinity and inundation control soil carbon decomposition during salt marsh restoration: an incubation experiment,Open AccessDSC are already corrected to the base line to be integrated to obtain the  heat of combus...,"Open AccessIncubation data uploadIncluding the soil data, flux data and porewater  data in the paper...","13. Climate action,15. Life on land","13. Climate action,15. Life on land,6. Clean water",,0.3467179536819458,0.912108302116394,0.41960875193277997
10.5061/dryad.gf1vhhmmd,10.5061/dryad.d4f4s,Thermodynamics of soil organic matter decomposition in semi-natural oak (Quercus) woodland in southwest Ireland,Data from: Solute and sediment export from Amazon forest and soybean headwater streams,Open AccessDSC are already corrected to the base line to be integrated to obtain the  heat of combus...,Open AccessSolute concentration DataThis file includes all solute concentration data  in stream base...,"13. Climate action,15. Life on land","2. Zero hunger,13. Climate action,15. Life on land",,0.34018608927726746,0.8259298205375671,0.3887053032716115
10.5061/dryad.gf1vhhmmd,10.5281/zenodo.4293454,Thermodynamics of soil organic matter decomposition in semi-natural oak (Quercus) woodland in southwest Ireland,Soil organic carbon distribution for 0-3 m soils at 1 km2 scale of the frozen ground in the Third Pole Regions,Open AccessDSC are already corrected to the base line to be integrated to obtain the  heat of combus...,Soil organic carbon (SOC) is very important in the vulnerable ecological environment of the Third Po...,"13. Climate action,15. Life on land","13. Climate action,15. Life on land",,,1.0000001192092896,0.3333333730697632
10.5061/dryad.gf1vhhmmd,10.5281/zenodo.10268498,Thermodynamics of soil organic matter decomposition in semi-natural oak (Quercus) woodland in southwest Ireland,"Supplemental Data for ""Soil organic carbon change can reduce the climate benefits of biofuel produced from forest residues""",Open AccessDSC are already corrected to the base line to be integrated to obtain the  heat of combus...,The files contain the code and supplementary data for the article.,"13. Climate action,15. Life on land","13. Climate action,15. Life on land",,,1.0000001192092896,0.3333333730697632
10.5061/dryad.gf1vhhmmd,10.6073/pasta/f3b2f5aa791f8df5f7bae640f079296b,Thermodynamics of soil organic matter decomposition in semi-natural oak (Quercus) woodland in southwest Ireland,"Eight Mile Lake Research Watershed, Thaw Gradient: Geochemistry of soil pore waters sampled in May 2018 (0 - 20 cm depth) and August 2019 (0-120 cm depth) at Gradient site, 2018-2019",Open AccessDSC are already corrected to the base line to be integrated to obtain the  heat of combus...,"In this larger study, we are asking the question: Is old carbon that comprises the bulk of the soil ...","13. Climate action,15. Life on land","13. Climate action,15. Life on land",,,1.0000001192092896,0.3333333730697632
10.5061/dryad.gf1vhhmmd,10.6073/pasta/826550e1b769269eafe11db438a79bde,Thermodynamics of soil organic matter decomposition in semi-natural oak (Quercus) woodland in southwest Ireland,"Eight Mile Lake Research Watershed, Thaw Gradient: Geochemical data from perched waters collected from boreholes on Gradient site during August-September 2019",Open AccessDSC are already corrected to the base line to be integrated to obtain the  heat of combus...,"In this larger study, we are asking the question: Is old carbon that comprises the bulk of the soil ...","13. Climate action,15. Life on land","13. Climate action,15. Life on land",,,1.0000001192092896,0.3333333730697632
10.5061/dryad.gf1vhhmmd,10.6073/pasta/7fad9398ec3a596b8efc092fc8fbf55d,Thermodynamics of soil organic matter decomposition in semi-natural oak (Quercus) woodland in southwest Ireland,"Eight Mile Lake Research Watershed, Thaw Gradient: Foliar mineral element concentrations, stocks and annual litterfall fluxes estimated for July 2017",Open AccessDSC are already corrected to the base line to be integrated to obtain the  heat of combus...,"In this study, we are asking the question: how permafrost degradation may influence foliar mineral e...","13. Climate action,15. Life on land","13. Climate action,15. Life on land",,,1.0000001192092896,0.3333333730697632
10.5061/dryad.gf1vhhmmd,10.6071/M3D104,Thermodynamics of soil organic matter decomposition in semi-natural oak (Quercus) woodland in southwest Ireland,Continental-scale patterns of extracellular enzyme activity in the subsoil: an overlooked reservoir of microbial activity,Open AccessDSC are already corrected to the base line to be integrated to obtain the  heat of combus...,Open AccessChemical stabilization of microbial-derived products such as extracellular  enzymes (EE) ...,"13. Climate action,15. Life on land","13. Climate action,15. Life on land",,,1.0000001192092896,0.3333333730697632
10.5061/dryad.gf1vhhmmd,10.5281/zenodo.4293454,Thermodynamics of soil organic matter decomposition in semi-natural oak (Quercus) woodland in southwest Ireland,Soil organic carbon distribution for 0-3 m soils at 1 km2 scale of the frozen ground in the Third Pole Regions,Open AccessDSC are already corrected to the base line to be integrated to obtain the  heat of combus...,Soil organic carbon (SOC) is very important in the vulnerable ecological environment of the Third Po...,"13. Climate action,15. Life on land","13. Climate action,15. Life on land",,,1.0000001192092896,0.3333333730697632
10.5061/dryad.gf1vhhmmd,10.6073/pasta/597c40c5d699eec918da3e9c2eaa7bea,Thermodynamics of soil organic matter decomposition in semi-natural oak (Quercus) woodland in southwest Ireland,"Carbon in Permafrost Experimental Heating Research (CIPEHR) project: Foliar mineral element concentrations, stocks, and annual litterfall fluxes in July 2009 and 2017",Open AccessDSC are already corrected to the base line to be integrated to obtain the  heat of combus...,"In this study, we are asking the question: how permafrost degradation may influence foliar mineral e...","13. Climate action,15. Life on land","13. Climate action,15. Life on land",,,1.0000001192092896,0.3333333730697632
10.5061/dryad.gf1vhhmmd,10.5281/zenodo.6998052,Thermodynamics of soil organic matter decomposition in semi-natural oak (Quercus) woodland in southwest Ireland,The Harmonized peatland dataset for Indonesia v.0.1,Open AccessDSC are already corrected to the base line to be integrated to obtain the  heat of combus...,"Open AccessThe harmonized data on peatlands of Indonesia, version 0.1, for the bio-physical modellin...","13. Climate action,15. Life on land","13. Climate action,15. Life on land",,,1.0000001192092896,0.3333333730697632
10.5061/dryad.gf1vhhmmd,10.5061/dryad.fj6q573qp,Thermodynamics of soil organic matter decomposition in semi-natural oak (Quercus) woodland in southwest Ireland,Data from: Multiple scales of spatial heterogeneity control soil respiration responses to precipitation across a dryland rainfall gradient,Open AccessDSC are already corrected to the base line to be integrated to obtain the  heat of combus...,Open AccessAims – Soil respiration (Rs) is a major pathway for releasing fixed carbon  back to the a...,"13. Climate action,15. Life on land","13. Climate action,15. Life on land",,,1.0000001192092896,0.3333333730697632
10.5061/dryad.gf1vhhmmd,10.5061/dryad.zcrjdfn95,Thermodynamics of soil organic matter decomposition in semi-natural oak (Quercus) woodland in southwest Ireland,Data from: Mosses reduce soil nitrogen availability in a subarctic birch forest via effects on soil thermal regime and sequestration of deposited nitrogen,Open AccessDSC are already corrected to the base line to be integrated to obtain the  heat of combus...,"In high-latitude ecosystems, bryophytes are important drivers of ecosystem  functions. Alterations i...","13. Climate action,15. Life on land","13. Climate action,15. Life on land",,,1.0000001192092896,0.3333333730697632
10.5061/dryad.gf1vhhmmd,10.5281/zenodo.6998052,Thermodynamics of soil organic matter decomposition in semi-natural oak (Quercus) woodland in southwest Ireland,The Harmonized peatland dataset for Indonesia v.0.1,Open AccessDSC are already corrected to the base line to be integrated to obtain the  heat of combus...,"Open AccessThe harmonized data on peatlands of Indonesia, version 0.1, for the bio-physical modellin...","13. Climate action,15. Life on land","13. Climate action,15. Life on land",,,1.0000001192092896,0.3333333730697632
10.5061/dryad.gf1vhhmmd,10.5281/zenodo.4581699,Thermodynamics of soil organic matter decomposition in semi-natural oak (Quercus) woodland in southwest Ireland,"Accretional soil formation in northern hemisphere loess regions - evidence from OSL- dating of the Pleistocene-Holocene climatic transition from China, Europe and North America",Open AccessDSC are already corrected to the base line to be integrated to obtain the  heat of combus...,Loess deposits intercalated by paleosols are detailed terrestrial archives of Quaternary climate var...,"13. Climate action,15. Life on land","13. Climate action,15. Life on land",,,1.0000001192092896,0.3333333730697632
10.5061/dryad.gf1vhhmmd,10.5281/zenodo.4581699,Thermodynamics of soil organic matter decomposition in semi-natural oak (Quercus) woodland in southwest Ireland,"Accretional soil formation in northern hemisphere loess regions - evidence from OSL- dating of the Pleistocene-Holocene climatic transition from China, Europe and North America",Open AccessDSC are already corrected to the base line to be integrated to obtain the  heat of combus...,Loess deposits intercalated by paleosols are detailed terrestrial archives of Quaternary climate var...,"13. Climate action,15. Life on land","13. Climate action,15. Life on land",,,1.0000001192092896,0.3333333730697632
10.5061/dryad.gf1vhhmmd,10.5061/dryad.tmpg4f502,Thermodynamics of soil organic matter decomposition in semi-natural oak (Quercus) woodland in southwest Ireland,"Data for: Andic soil properties and tephra layers hamper C turnover in Icelandic peatlands - selective dissolution of Al, Fe, Si and decomposition proxies",Open AccessDSC are already corrected to the base line to be integrated to obtain the  heat of combus...,"Open AccessDue to frequent volcanic activity and erosion of dryland soils, peatlands  in Iceland rec...","13. Climate action,15. Life on land","13. Climate action,15. Life on land",,,1.0000001192092896,0.3333333730697632
10.5061/dryad.gf1vhhmmd,10.5061/dryad.cfxpnvx3d,Thermodynamics of soil organic matter decomposition in semi-natural oak (Quercus) woodland in southwest Ireland,Retention fraction of 15N-labelled deposited ammonium and nitrate in forests,Open AccessDSC are already corrected to the base line to be integrated to obtain the  heat of combus...,Open AccessThe impacts of enhanced nitrogen (N) deposition on global forest carbon  (C) sink and oth...,"13. Climate action,15. Life on land","13. Climate action,Life Science,15. Life on land",,,0.9560288786888123,0.31867629289627075
10.5061/dryad.gf1vhhmmd,10.5281/zenodo.6320693,Thermodynamics of soil organic matter decomposition in semi-natural oak (Quercus) woodland in southwest Ireland,MOSSO_WaterChemistry_Lakes_Monthly_2007-2020,Open AccessDSC are already corrected to the base line to be integrated to obtain the  heat of combus...,<strong>Abstract</strong> The dataset provides information about the monthly water chemistry of two ...,"13. Climate action,15. Life on land","13. Climate action,15. Life on land,6. Clean water",,,0.912108302116394,0.30403610070546466
10.5061/dryad.gf1vhhmmd,10.5281/zenodo.7875980,Thermodynamics of soil organic matter decomposition in semi-natural oak (Quercus) woodland in southwest Ireland,Topographic Wetness Index derived for Africa,Open AccessDSC are already corrected to the base line to be integrated to obtain the  heat of combus...,The Topographic Wetness Index (TWI) is a proxy for soil moisture that can be derived from Digital El...,"13. Climate action,15. Life on land","13. Climate action,15. Life on land,6. Clean water",,,0.912108302116394,0.30403610070546466
10.5061/dryad.gf1vhhmmd,10.5281/zenodo.6320693,Thermodynamics of soil organic matter decomposition in semi-natural oak (Quercus) woodland in southwest Ireland,MOSSO_WaterChemistry_Lakes_Monthly_2007-2020,Open AccessDSC are already corrected to the base line to be integrated to obtain the  heat of combus...,<strong>Abstract</strong> The dataset provides information about the monthly water chemistry of two ...,"13. Climate action,15. Life on land","13. Climate action,15. Life on land,6. Clean water",,,0.912108302116394,0.30403610070546466
10.5061/dryad.gf1vhhmmd,10.7291/D14D4H,Thermodynamics of soil organic matter decomposition in semi-natural oak (Quercus) woodland in southwest Ireland,"Hydrology, geochemistry, and microbiology data from meter-scale infiltration experiments exploring the impact of a woodchip soil amendment on nitrate removal during infiltration",Open AccessDSC are already corrected to the base line to be integrated to obtain the  heat of combus...,"We present results from field experiments linking hydrology, geochemistry,  and microbiology during ...","13. Climate action,15. Life on land","13. Climate action,15. Life on land,6. Clean water",,,0.912108302116394,0.30403610070546466
10.5061/dryad.gf1vhhmmd,10.5281/zenodo.10067981,Thermodynamics of soil organic matter decomposition in semi-natural oak (Quercus) woodland in southwest Ireland,Global patterns and drivers of dissolved organic matter across Earth systems: Insights from H/C and O/C ratios,Open AccessDSC are already corrected to the base line to be integrated to obtain the  heat of combus...,Dissolved organic matter (DOM) is ubiquitous and contains a complex pool of thousands of distinct mo...,"13. Climate action,15. Life on land","13. Climate action,15. Life on land,6. Clean water",,,0.912108302116394,0.30403610070546466
10.5061/dryad.gf1vhhmmd,10.5061/dryad.dncjsxm31,Thermodynamics of soil organic matter decomposition in semi-natural oak (Quercus) woodland in southwest Ireland,Local temperature increases reduce soil microbial residues and carbon stocks,Open AccessDSC are already corrected to the base line to be integrated to obtain the  heat of combus...,"Warming is known to reduce soil carbon (C) stocks by promoting microbial  respiration, which is asso...","13. Climate action,15. Life on land","13. Climate action,15. Life on land,FOS: Natural sciences",,,0.8887065052986145,0.29623550176620483
10.5061/dryad.gf1vhhmmd,10.6073/pasta/e5759a95d453f28cc1b35e5ccef78f78,Thermodynamics of soil organic matter decomposition in semi-natural oak (Quercus) woodland in southwest Ireland,"Eight Mile Lake Research Watershed, Thaw Gradient: Geochemical data collected daily in Panguingue Creek during spring thaw and summer rain events, 2018-2019",Open AccessDSC are already corrected to the base line to be integrated to obtain the  heat of combus...,"In this larger study, we are asking the question: Is old carbon that comprises the bulk of the soil ...","13. Climate action,15. Life on land","13. Climate action,14. Life underwater,15. Life on land",,,0.8877230882644653,0.2959076960881551
10.5061/dryad.gf1vhhmmd,10.5281/zenodo.6640246,Thermodynamics of soil organic matter decomposition in semi-natural oak (Quercus) woodland in southwest Ireland,GSHP: Global database of soil hydraulic properties,Open AccessDSC are already corrected to the base line to be integrated to obtain the  heat of combus...,"A total of 15,259 SWCCs from 2,702 sites were assembled from published literature and other sources,...","13. Climate action,15. Life on land","13. Climate action,Life Science,15. Life on land,6. Clean water",,,0.8708755970001221,0.29029186566670734
10.5061/dryad.gf1vhhmmd,10.5281/zenodo.6640246,Thermodynamics of soil organic matter decomposition in semi-natural oak (Quercus) woodland in southwest Ireland,GSHP: Global database of soil hydraulic properties,Open AccessDSC are already corrected to the base line to be integrated to obtain the  heat of combus...,"A total of 15,259 SWCCs from 2,702 sites were assembled from published literature and other sources,...","13. Climate action,15. Life on land","13. Climate action,Life Science,15. Life on land,6. Clean water",,,0.8708755970001221,0.29029186566670734
10.5061/dryad.gf1vhhmmd,10.5194/egusphere-egu2020-9776,Thermodynamics of soil organic matter decomposition in semi-natural oak (Quercus) woodland in southwest Ireland,"Characterization of dissolved and particulate organic matterexported during late summer from a glacio-nival river, Zackenberg,Greenland",Open AccessDSC are already corrected to the base line to be integrated to obtain the  heat of combus...,"<p>         &amp;lt;p&amp;gt;&amp;lt;span&amp;gt;With Arctic warming, both gradual and abrupt thaw o...","13. Climate action,15. Life on land","13. Climate action,14. Life underwater,15. Life on land,6. Clean water",,,0.8546671867370605,0.28488906224568683
10.5061/dryad.gf1vhhmmd,10.5061/dryad.p5hqbzkm1,Thermodynamics of soil organic matter decomposition in semi-natural oak (Quercus) woodland in southwest Ireland,Unrecognized controls on microbial functioning in Blue Carbon ecosystems: the role of mineral enzyme stabilization and allochthonous substrate supply,Open AccessDSC are already corrected to the base line to be integrated to obtain the  heat of combus...,Open AccessPlease compare original publication in Ecology and Evolution Title:  Unrecognized control...,"13. Climate action,15. Life on land","13. Climate action,14. Life underwater,15. Life on land,6. Clean water",,,0.8546671867370605,0.28488906224568683
10.5061/dryad.gf1vhhmmd,10.1016/j.foreco.2008.01.069,Thermodynamics of soil organic matter decomposition in semi-natural oak (Quercus) woodland in southwest Ireland,Dynamics Of Understorey Herbaceous Plant Diversity Following Shrub Clearing Of Cork Oak Forests: A Five-Year Study,Open AccessDSC are already corrected to the base line to be integrated to obtain the  heat of combus...,Open AccessPeer reviewed,"13. Climate action,15. Life on land","0106 biological sciences,Quercus suber,Sustainability,Silvicultural practices,01060301 Forests/Habitats,040103 agronomy & agriculture,0401 agriculture, forestry, and fisheries,Mediterranean forest,04 agricultural and veterinary sciences,010603 evolutionary biology,01 natural sciences,Silvicultural practice,Species richness",0.5494245290756226,0.30367106199264526,,0.2843651970227559
10.5061/dryad.gf1vhhmmd,10.5281/zenodo.2536040,Thermodynamics of soil organic matter decomposition in semi-natural oak (Quercus) woodland in southwest Ireland,"Soil organic carbon stock in kg/m2 for 5 standard depth intervals (0–10, 10–30, 30–60, 60–100 and 100–200 cm) at 250 m resolution",Open AccessDSC are already corrected to the base line to be integrated to obtain the  heat of combus...,"Open AccessSoil organic carbon stock in kg/m<sup>2</sup> for 5 standard depth intervals (0–10, 10–30...","13. Climate action,15. Life on land","LandGIS,13. Climate action,15. Life on land,soil carbon",,,0.8399693369865417,0.2799897789955139
10.5061/dryad.gf1vhhmmd,10.5281/zenodo.2536040,Thermodynamics of soil organic matter decomposition in semi-natural oak (Quercus) woodland in southwest Ireland,"Soil organic carbon stock in kg/m2 for 5 standard depth intervals (0–10, 10–30, 30–60, 60–100 and 100–200 cm) at 250 m resolution",Open AccessDSC are already corrected to the base line to be integrated to obtain the  heat of combus...,"Open AccessSoil organic carbon stock in kg/m<sup>2</sup> for 5 standard depth intervals (0–10, 10–30...","13. Climate action,15. Life on land","LandGIS,13. Climate action,15. Life on land,soil carbon",,,0.8399693369865417,0.2799897789955139
10.5061/dryad.gf1vhhmmd,10.5281/zenodo.6500189,Thermodynamics of soil organic matter decomposition in semi-natural oak (Quercus) woodland in southwest Ireland,Methane fluxes from four elevation zones in a St. Lawrence Estuary salt marsh,Open AccessDSC are already corrected to the base line to be integrated to obtain the  heat of combus...,Dataset used in Spartina alterniflora has the highest methane emissions in a St. Lawrence estuary sa...,"13. Climate action,15. Life on land","13. Climate action,15. Life on land,6. Clean water,methane, CH4, salt marsh, saltmarsh, greenhouse gas fluxes, carbon sequestration, elevation zones",,,0.8369094729423523,0.27896982431411743
10.5061/dryad.gf1vhhmmd,10.5281/zenodo.6500189,Thermodynamics of soil organic matter decomposition in semi-natural oak (Quercus) woodland in southwest Ireland,Methane fluxes from four elevation zones in a St. Lawrence Estuary salt marsh,Open AccessDSC are already corrected to the base line to be integrated to obtain the  heat of combus...,Dataset used in Spartina alterniflora has the highest methane emissions in a St. Lawrence estuary sa...,"13. Climate action,15. Life on land","13. Climate action,15. Life on land,6. Clean water,methane, CH4, salt marsh, saltmarsh, greenhouse gas fluxes, carbon sequestration, elevation zones",,,0.8369094729423523,0.27896982431411743
10.5061/dryad.gf1vhhmmd,10.5281/zenodo.6500189,Thermodynamics of soil organic matter decomposition in semi-natural oak (Quercus) woodland in southwest Ireland,Methane fluxes from four elevation zones in a St. Lawrence Estuary salt marsh,Open AccessDSC are already corrected to the base line to be integrated to obtain the  heat of combus...,Dataset used in Spartina alterniflora has the highest methane emissions in a St. Lawrence estuary sa...,"13. Climate action,15. Life on land","13. Climate action,15. Life on land,6. Clean water,methane, CH4, salt marsh, saltmarsh, greenhouse gas fluxes, carbon sequestration, elevation zones",,,0.8369094729423523,0.27896982431411743
10.5061/dryad.gf1vhhmmd,10.7941/D1GD1H,Thermodynamics of soil organic matter decomposition in semi-natural oak (Quercus) woodland in southwest Ireland,Spatial heterogeneity and environmental predictors of permafrost region soil organic carbon stocks,Open AccessDSC are already corrected to the base line to be integrated to obtain the  heat of combus...,Large stocks of soil organic carbon (SOC) have accumulated in the Northern  Hemisphere permafrost re...,"13. Climate action,15. Life on land","13. Climate action,FOS: Earth and related environmental sciences,15. Life on land",,,0.8351707458496094,0.27839024861653644
10.5061/dryad.gf1vhhmmd,10.5061/dryad.jwstqjqbs,Thermodynamics of soil organic matter decomposition in semi-natural oak (Quercus) woodland in southwest Ireland,Data from: Positron-emitting radiotracers spatially resolve unexpected biogeochemical relationships linked with methane oxidation in Arctic soils,Open AccessDSC are already corrected to the base line to be integrated to obtain the  heat of combus...,"Arctic soils are marked by cryoturbic features, which impact  soil-atmosphere methane (CH4) dynamics...","13. Climate action,15. Life on land","13. Climate action,FOS: Earth and related environmental sciences,15. Life on land",,,0.8351707458496094,0.27839024861653644
10.5061/dryad.gf1vhhmmd,10.5061/dryad.cz8w9gj2x,Thermodynamics of soil organic matter decomposition in semi-natural oak (Quercus) woodland in southwest Ireland,"Mangrove sinkholes (cenotes) of the Yucatan Peninsula, a global hotspot of carbon sequestration",Open AccessDSC are already corrected to the base line to be integrated to obtain the  heat of combus...,Open AccessMangroves are amongst the most carbon-dense ecosystems on the Planet. The  capacity of ma...,"13. Climate action,15. Life on land","13. Climate action,FOS: Earth and related environmental sciences,15. Life on land",,,0.8351707458496094,0.27839024861653644
10.5061/dryad.gf1vhhmmd,10.5061/dryad.t4b8gtj2p,Thermodynamics of soil organic matter decomposition in semi-natural oak (Quercus) woodland in southwest Ireland,Soil respiration in a successional tropical forest in Thailand,Open AccessDSC are already corrected to the base line to be integrated to obtain the  heat of combus...,Open AccessSoil respiration (SR) in forests contributes significant emissions of  carbon from terres...,"13. Climate action,15. Life on land","13. Climate action,FOS: Earth and related environmental sciences,15. Life on land",,,0.8351707458496094,0.27839024861653644
10.5061/dryad.gf1vhhmmd,10.5281/zenodo.3465459,Thermodynamics of soil organic matter decomposition in semi-natural oak (Quercus) woodland in southwest Ireland,Assessment of earthquake-induced- risk of soil liquefaction using CPT-based methods: application to the case study of Cavezzo municipality (Italy),Open AccessDSC are already corrected to the base line to be integrated to obtain the  heat of combus...,"Geophysical Research Abstracts, European Geosciences Union General Assembly 2019, EGU 2019, April 7-...","13. Climate action,15. Life on land",13. Climate action,,,0.8307018280029297,0.2769006093343099
10.5061/dryad.gf1vhhmmd,10.5194/acp-2022-793,Thermodynamics of soil organic matter decomposition in semi-natural oak (Quercus) woodland in southwest Ireland,Trends and seasonal variability of ammonia across major biomes inferred from long-term series of ground-based and satellite measurements,Open AccessDSC are already corrected to the base line to be integrated to obtain the  heat of combus...,<p>Abstract. Ammonia (NH3) is the most abundant alkaline component in the atmosphere. Changes in NH3...,"13. Climate action,15. Life on land",13. Climate action,,,0.8307018280029297,0.2769006093343099
10.5061/dryad.gf1vhhmmd,10.1016/j.eja.2016.04.005,Thermodynamics of soil organic matter decomposition in semi-natural oak (Quercus) woodland in southwest Ireland,Short And Long-Term Effects Of Different Irrigation And Tillage Systems On Soil Properties And Rice Productivity Under Mediterranean Conditions,Open AccessDSC are already corrected to the base line to be integrated to obtain the  heat of combus...,"Abstract   In Mediterranean environments, flood irrigation of rice (Oryza sativa L.) crops is in dan...","13. Climate action,15. Life on land",13. Climate action,,,0.8307018280029297,0.2769006093343099
10.5061/dryad.gf1vhhmmd,10.5281/zenodo.3465487,Thermodynamics of soil organic matter decomposition in semi-natural oak (Quercus) woodland in southwest Ireland,"Seismic and Geological Bedrock Depth Estimation at Cavezzo Site (Po Plain, Northern Italy): Example of Passive Geophysical Survey in the Assessment of Soil Liquefaction Potential",Open AccessDSC are already corrected to the base line to be integrated to obtain the  heat of combus...,"Geophysical Research Abstracts, European Geosciences Union General Assembly 2018, EGU 2018, April 8-...","13. Climate action,15. Life on land",13. Climate action,,,0.8307018280029297,0.2769006093343099
10.5061/dryad.gf1vhhmmd,10.5281/zenodo.3465483,Thermodynamics of soil organic matter decomposition in semi-natural oak (Quercus) woodland in southwest Ireland,Çanakkale Şehir Merkezinin Sıvılaşma Açısından Zemin Karakterizasyonu,Open AccessDSC are already corrected to the base line to be integrated to obtain the  heat of combus...,This paper presents the results of an extensive ground characterization study carried within the con...,"13. Climate action,15. Life on land",13. Climate action,,,0.8307018280029297,0.2769006093343099
10.5061/dryad.gf1vhhmmd,10.5281/zenodo.3465487,Thermodynamics of soil organic matter decomposition in semi-natural oak (Quercus) woodland in southwest Ireland,"Seismic and Geological Bedrock Depth Estimation at Cavezzo Site (Po Plain, Northern Italy): Example of Passive Geophysical Survey in the Assessment of Soil Liquefaction Potential",Open AccessDSC are already corrected to the base line to be integrated to obtain the  heat of combus...,"Geophysical Research Abstracts, European Geosciences Union General Assembly 2018, EGU 2018, April 8-...","13. Climate action,15. Life on land",13. Climate action,,,0.8307018280029297,0.2769006093343099
10.5061/dryad.gf1vhhmmd,10.5281/zenodo.3465483,Thermodynamics of soil organic matter decomposition in semi-natural oak (Quercus) woodland in southwest Ireland,Çanakkale Şehir Merkezinin Sıvılaşma Açısından Zemin Karakterizasyonu,Open AccessDSC are already corrected to the base line to be integrated to obtain the  heat of combus...,This paper presents the results of an extensive ground characterization study carried within the con...,"13. Climate action,15. Life on land",13. Climate action,,,0.8307018280029297,0.2769006093343099
10.5061/dryad.gf1vhhmmd,10.5281/zenodo.3465459,Thermodynamics of soil organic matter decomposition in semi-natural oak (Quercus) woodland in southwest Ireland,Assessment of earthquake-induced- risk of soil liquefaction using CPT-based methods: application to the case study of Cavezzo municipality (Italy),Open AccessDSC are already corrected to the base line to be integrated to obtain the  heat of combus...,"Geophysical Research Abstracts, European Geosciences Union General Assembly 2019, EGU 2019, April 7-...","13. Climate action,15. Life on land",13. Climate action,,,0.8307018280029297,0.2769006093343099
10.5061/dryad.gf1vhhmmd,10.5194/egusphere-egu2020-16894,Thermodynamics of soil organic matter decomposition in semi-natural oak (Quercus) woodland in southwest Ireland,Siderite oxidation in the presence of organic ligands,Open AccessDSC are already corrected to the base line to be integrated to obtain the  heat of combus...,<p>         &amp;lt;p&amp;gt;The biogeochemical cycle of iron is fundamentally important in natural ...,"13. Climate action,15. Life on land",13. Climate action,,,0.8307018280029297,0.2769006093343099
10.5061/dryad.gf1vhhmmd,10.5194/egusphere-egu2020-16894,Thermodynamics of soil organic matter decomposition in semi-natural oak (Quercus) woodland in southwest Ireland,Siderite oxidation in the presence of organic ligands,Open AccessDSC are already corrected to the base line to be integrated to obtain the  heat of combus...,<p>         &amp;lt;p&amp;gt;The biogeochemical cycle of iron is fundamentally important in natural ...,"13. Climate action,15. Life on land",13. Climate action,,,0.8307018280029297,0.2769006093343099
10.5061/dryad.gf1vhhmmd,10.5281/zenodo.4745479,Thermodynamics of soil organic matter decomposition in semi-natural oak (Quercus) woodland in southwest Ireland,Soil carbon loss in warmed subarctic grasslands is rapid and restricted to topsoil,Open AccessDSC are already corrected to the base line to be integrated to obtain the  heat of combus...,This file includes the variable description of the data files published on Zenodo for the manuscript...,"13. Climate action,15. Life on land","2. Zero hunger,13. Climate action,15. Life on land",,,0.8259298205375671,0.275309940179189
10.5061/dryad.gf1vhhmmd,10.5281/zenodo.4647078,Thermodynamics of soil organic matter decomposition in semi-natural oak (Quercus) woodland in southwest Ireland,Carbon dioxide fluxes and carbon balance of an agricultural grassland in southern Finland,Open AccessDSC are already corrected to the base line to be integrated to obtain the  heat of combus...,The data set contains CO<sub>2</sub> and H<sub>2</sub>O eddy covariance flux data and meteorological...,"13. Climate action,15. Life on land","2. Zero hunger,13. Climate action,15. Life on land",,,0.8259298205375671,0.275309940179189
10.5061/dryad.gf1vhhmmd,10.5281/zenodo.7999673,Thermodynamics of soil organic matter decomposition in semi-natural oak (Quercus) woodland in southwest Ireland,Biotic and abiotic factors controlling spatial variation of mean carbon turnover time in forest soil,Open AccessDSC are already corrected to the base line to be integrated to obtain the  heat of combus...,<strong>Data description</strong> This dataset is associated with the paper 'Biotic and abiotic fact...,"13. Climate action,15. Life on land","2. Zero hunger,13. Climate action,15. Life on land",,,0.8259298205375671,0.275309940179189
10.5061/dryad.gf1vhhmmd,10.5281/zenodo.3964082,Thermodynamics of soil organic matter decomposition in semi-natural oak (Quercus) woodland in southwest Ireland,Lysimeters data from Windmoser and Michel 2020,Open AccessDSC are already corrected to the base line to be integrated to obtain the  heat of combus...,Open AccessThe authors thanks the von Humboldt Stiftung for financial support of the MaNiP project t...,"13. Climate action,15. Life on land","2. Zero hunger,13. Climate action,15. Life on land",,,0.8259298205375671,0.275309940179189
10.5061/dryad.gf1vhhmmd,10.5281/zenodo.3964082,Thermodynamics of soil organic matter decomposition in semi-natural oak (Quercus) woodland in southwest Ireland,Lysimeters data from Windmoser and Michel 2020,Open AccessDSC are already corrected to the base line to be integrated to obtain the  heat of combus...,Open AccessThe authors thanks the von Humboldt Stiftung for financial support of the MaNiP project t...,"13. Climate action,15. Life on land","2. Zero hunger,13. Climate action,15. Life on land",,,0.8259298205375671,0.275309940179189
10.5061/dryad.gf1vhhmmd,10.5281/zenodo.4647078,Thermodynamics of soil organic matter decomposition in semi-natural oak (Quercus) woodland in southwest Ireland,Carbon dioxide fluxes and carbon balance of an agricultural grassland in southern Finland,Open AccessDSC are already corrected to the base line to be integrated to obtain the  heat of combus...,The data set contains CO<sub>2</sub> and H<sub>2</sub>O eddy covariance flux data and meteorological...,"13. Climate action,15. Life on land","2. Zero hunger,13. Climate action,15. Life on land",,,0.8259298205375671,0.275309940179189
10.5061/dryad.gf1vhhmmd,10.5281/zenodo.4745479,Thermodynamics of soil organic matter decomposition in semi-natural oak (Quercus) woodland in southwest Ireland,Soil carbon loss in warmed subarctic grasslands is rapid and restricted to topsoil,Open AccessDSC are already corrected to the base line to be integrated to obtain the  heat of combus...,This file includes the variable description of the data files published on Zenodo for the manuscript...,"13. Climate action,15. Life on land","2. Zero hunger,13. Climate action,15. Life on land",,,0.8259298205375671,0.275309940179189
10.5061/dryad.gf1vhhmmd,10.5281/zenodo.4884673,Thermodynamics of soil organic matter decomposition in semi-natural oak (Quercus) woodland in southwest Ireland,"Soil microbial, fungal and bacterial abundance impacted by crop diversification, tillage and fertilizer type",Open AccessDSC are already corrected to the base line to be integrated to obtain the  heat of combus...,"This data set contains a data-mining performed to assess the impact of crop diversification, tillage...","13. Climate action,15. Life on land","2. Zero hunger,13. Climate action,15. Life on land",,,0.8259298205375671,0.275309940179189
10.5061/dryad.gf1vhhmmd,10.5281/zenodo.10211071,Thermodynamics of soil organic matter decomposition in semi-natural oak (Quercus) woodland in southwest Ireland,Supporting data for von Fromm et al. (2023) Controls on timescales of soil organic carbon persistence across sub-Saharan Africa,Open AccessDSC are already corrected to the base line to be integrated to obtain the  heat of combus...,This file contains the supporting data for von Fromm et al. (2024) Controls on timescales of soil or...,"13. Climate action,15. Life on land","2. Zero hunger,13. Climate action,15. Life on land",,,0.8259298205375671,0.275309940179189
10.5061/dryad.gf1vhhmmd,10.5281/zenodo.4884673,Thermodynamics of soil organic matter decomposition in semi-natural oak (Quercus) woodland in southwest Ireland,"Soil microbial, fungal and bacterial abundance impacted by crop diversification, tillage and fertilizer type",Open AccessDSC are already corrected to the base line to be integrated to obtain the  heat of combus...,"This data set contains a data-mining performed to assess the impact of crop diversification, tillage...","13. Climate action,15. Life on land","2. Zero hunger,13. Climate action,15. Life on land",,,0.8259298205375671,0.275309940179189
10.5061/dryad.gf1vhhmmd,10.5281/zenodo.3403940,Thermodynamics of soil organic matter decomposition in semi-natural oak (Quercus) woodland in southwest Ireland,Changes in belowground biodiversity during ecosystem 1 development,Open AccessDSC are already corrected to the base line to be integrated to obtain the  heat of combus...,"Belowground organisms play critical roles in maintaining multiple ecosystem processes, including pla...","13. Climate action,15. Life on land","2. Zero hunger,13. Climate action,15. Life on land",,,0.8259298205375671,0.275309940179189
10.5061/dryad.gf1vhhmmd,10.7910/DVN/HA17D3,Thermodynamics of soil organic matter decomposition in semi-natural oak (Quercus) woodland in southwest Ireland,Soils Revealed soil carbon futures,Open AccessDSC are already corrected to the base line to be integrated to obtain the  heat of combus...,These data are a fully spatial implementation of the IPCC (2019) Tier I bookkeeping approach to soil...,"13. Climate action,15. Life on land","2. Zero hunger,13. Climate action,15. Life on land",,,0.8259298205375671,0.275309940179189
10.5061/dryad.gf1vhhmmd,10.5281/zenodo.7781245,Thermodynamics of soil organic matter decomposition in semi-natural oak (Quercus) woodland in southwest Ireland,The legacy of one hundred years of climate change for organic carbon stocks in global agricultural topsoils - full dataset,Open AccessDSC are already corrected to the base line to be integrated to obtain the  heat of combus...,This zip folder contains a txt and a shp file with predicted soil organic carbon stocks for a total ...,"13. Climate action,15. Life on land","2. Zero hunger,13. Climate action,15. Life on land",,,0.8259298205375671,0.275309940179189
10.5061/dryad.gf1vhhmmd,10.5281/zenodo.7999673,Thermodynamics of soil organic matter decomposition in semi-natural oak (Quercus) woodland in southwest Ireland,Biotic and abiotic factors controlling spatial variation of mean carbon turnover time in forest soil,Open AccessDSC are already corrected to the base line to be integrated to obtain the  heat of combus...,<strong>Data description</strong> This dataset is associated with the paper 'Biotic and abiotic fact...,"13. Climate action,15. Life on land","2. Zero hunger,13. Climate action,15. Life on land",,,0.8259298205375671,0.275309940179189
10.5061/dryad.gf1vhhmmd,10.5281/zenodo.3403940,Thermodynamics of soil organic matter decomposition in semi-natural oak (Quercus) woodland in southwest Ireland,Changes in belowground biodiversity during ecosystem 1 development,Open AccessDSC are already corrected to the base line to be integrated to obtain the  heat of combus...,"Belowground organisms play critical roles in maintaining multiple ecosystem processes, including pla...","13. Climate action,15. Life on land","2. Zero hunger,13. Climate action,15. Life on land",,,0.8259298205375671,0.275309940179189
10.5061/dryad.gf1vhhmmd,10.5281/zenodo.7999673,Thermodynamics of soil organic matter decomposition in semi-natural oak (Quercus) woodland in southwest Ireland,Biotic and abiotic factors controlling spatial variation of mean carbon turnover time in forest soil,Open AccessDSC are already corrected to the base line to be integrated to obtain the  heat of combus...,<strong>Data description</strong> This dataset is associated with the paper 'Biotic and abiotic fact...,"13. Climate action,15. Life on land","2. Zero hunger,13. Climate action,15. Life on land",,,0.8259298205375671,0.275309940179189
10.5061/dryad.gf1vhhmmd,10.5281/zenodo.1314194,Thermodynamics of soil organic matter decomposition in semi-natural oak (Quercus) woodland in southwest Ireland,"Majadas de Tietar: Ecosystem level and understorey carbon, water, and energy fluxes in a Mediterranean tree-grass ecosystem",Open AccessDSC are already corrected to the base line to be integrated to obtain the  heat of combus...,"Open Access{'references': ['Casals, P. et al., 2009. Soil CO2 efflux and extractable organic carbon ...","13. Climate action,15. Life on land","13. Climate action,15. Life on land,tree-grass ecosystem, Dehesa, eddy covariance, Carbon fluxes, Water fluxes",,,0.8110427260398865,0.27034757534662884
10.5061/dryad.gf1vhhmmd,10.5061/dryad.dr7sqv9w9,Thermodynamics of soil organic matter decomposition in semi-natural oak (Quercus) woodland in southwest Ireland,Climate more important than soils for predicting forest biomass at the continental scale,Open AccessDSC are already corrected to the base line to be integrated to obtain the  heat of combus...,Open AccessAbove-ground biomass in forests is critical to the global carbon cycle as  it stores and ...,"13. Climate action,15. Life on land","13. Climate action,Above-ground biomass,continental scale,15. Life on land",,,0.7968518137931824,0.2656172712643941
10.5061/dryad.gf1vhhmmd,10.5281/zenodo.2529721,Thermodynamics of soil organic matter decomposition in semi-natural oak (Quercus) woodland in southwest Ireland,Soil organic carbon stock (0–30 cm) in kg/m2 time-series 2001–2015 based on the land cover changes,Open AccessDSC are already corrected to the base line to be integrated to obtain the  heat of combus...,"Open Access{'references': ['Hengl, T., MacMillan, R.A., (2019). Predictive Soil Mapping with R. Open...","13. Climate action,15. Life on land","LandGIS,land cover,13. Climate action,15. Life on land,soil carbon loss,soil",,,0.795678973197937,0.2652263243993123
10.5061/dryad.gf1vhhmmd,10.5281/zenodo.2529721,Thermodynamics of soil organic matter decomposition in semi-natural oak (Quercus) woodland in southwest Ireland,Soil organic carbon stock (0–30 cm) in kg/m2 time-series 2001–2015 based on the land cover changes,Open AccessDSC are already corrected to the base line to be integrated to obtain the  heat of combus...,"Open Access{'references': ['Hengl, T., MacMillan, R.A., (2019). Predictive Soil Mapping with R. Open...","13. Climate action,15. Life on land","LandGIS,land cover,13. Climate action,15. Life on land,soil carbon loss,soil",,,0.795678973197937,0.2652263243993123
10.5061/dryad.gf1vhhmmd,10.5281/zenodo.4574684,Thermodynamics of soil organic matter decomposition in semi-natural oak (Quercus) woodland in southwest Ireland,"Data for ""Effects of fire on soil respiration and its components in a Dahurian larch (Larix gmelinii) forest in northeast China: implications for forest ecosystem carbon cycling""",Open AccessDSC are already corrected to the base line to be integrated to obtain the  heat of combus...,One csv file named “Data for Effects of fire on soil respiration and its components in a Dahurian la...,"13. Climate action,15. Life on land","2. Zero hunger,13. Climate action,Fire ecology,Forestry,15. Life on land",,,0.7954245805740356,0.2651415268580119
10.5061/dryad.gf1vhhmmd,10.5281/zenodo.4574684,Thermodynamics of soil organic matter decomposition in semi-natural oak (Quercus) woodland in southwest Ireland,"Data for ""Effects of fire on soil respiration and its components in a Dahurian larch (Larix gmelinii) forest in northeast China: implications for forest ecosystem carbon cycling""",Open AccessDSC are already corrected to the base line to be integrated to obtain the  heat of combus...,One csv file named “Data for Effects of fire on soil respiration and its components in a Dahurian la...,"13. Climate action,15. Life on land","2. Zero hunger,13. Climate action,Fire ecology,Forestry,15. Life on land",,,0.7954245805740356,0.2651415268580119
10.5061/dryad.gf1vhhmmd,10.5281/zenodo.8320433,Thermodynamics of soil organic matter decomposition in semi-natural oak (Quercus) woodland in southwest Ireland,"Carbon storage and carbon-equivalent albedo impact for US forests, by age and forest type",Open AccessDSC are already corrected to the base line to be integrated to obtain the  heat of combus...,These tables document estimates of carbon storage (Mg/ha +/- Standard Error) and carbon-equivalent a...,"13. Climate action,15. Life on land","climate change,forest carbon,13. Climate action,15. Life on land,Landsat,albedo",,,0.7933468818664551,0.2644489606221517
10.5061/dryad.gf1vhhmmd,10.5281/zenodo.8320433,Thermodynamics of soil organic matter decomposition in semi-natural oak (Quercus) woodland in southwest Ireland,"Carbon storage and carbon-equivalent albedo impact for US forests, by age and forest type",Open AccessDSC are already corrected to the base line to be integrated to obtain the  heat of combus...,These tables document estimates of carbon storage (Mg/ha +/- Standard Error) and carbon-equivalent a...,"13. Climate action,15. Life on land","climate change,forest carbon,13. Climate action,15. Life on land,Landsat,albedo",,,0.7933468818664551,0.2644489606221517
10.5061/dryad.gf1vhhmmd,10.5281/zenodo.8320433,Thermodynamics of soil organic matter decomposition in semi-natural oak (Quercus) woodland in southwest Ireland,"Carbon storage and carbon-equivalent albedo impact for US forests, by age and forest type",Open AccessDSC are already corrected to the base line to be integrated to obtain the  heat of combus...,These tables document estimates of carbon storage (Mg/ha +/- Standard Error) and carbon-equivalent a...,"13. Climate action,15. Life on land","climate change,forest carbon,13. Climate action,15. Life on land,Landsat,albedo",,,0.7933468818664551,0.2644489606221517
10.5061/dryad.gf1vhhmmd,10.5194/egusphere-egu21-13428,Thermodynamics of soil organic matter decomposition in semi-natural oak (Quercus) woodland in southwest Ireland,Methane oxidation processes in sediment of the Laptev and East Siberian Seas indicated from microbial lipids and carbon isotope composition,Open AccessDSC are already corrected to the base line to be integrated to obtain the  heat of combus...,<p>&amp;lt;p&amp;gt;The East Siberian Arctic Shelf is an integrated coastal sea system with complex ...,"13. Climate action,15. Life on land","13. Climate action,14. Life underwater,6. Clean water",,,0.7925410866737366,0.26418036222457886
10.5061/dryad.gf1vhhmmd,10.5281/zenodo.832877,Thermodynamics of soil organic matter decomposition in semi-natural oak (Quercus) woodland in southwest Ireland,Observed monthly N2O emission dataset used for model carlibaration and validation,Open AccessDSC are already corrected to the base line to be integrated to obtain the  heat of combus...,The N<sub>2</sub>O emission dataset for calibration sites was extracted from the published figures a...,"13. Climate action,15. Life on land","13. Climate action,15. Life on land,N2O emissions; model calibration; model validation",,,0.7873075008392334,0.2624358336130778
10.5061/dryad.gf1vhhmmd,10.5281/zenodo.1461082,Thermodynamics of soil organic matter decomposition in semi-natural oak (Quercus) woodland in southwest Ireland,Net Negative global warming potential by Nutrient Management in Arid Cropland in China,Open AccessDSC are already corrected to the base line to be integrated to obtain the  heat of combus...,Soil organic carbon is generally very low in arid and extremely arid areas due to harsh environmenta...,"13. Climate action,15. Life on land","2. Zero hunger,13. Climate action,11. Sustainability,15. Life on land",,,0.7867449522018433,0.26224831740061444
10.5061/dryad.gf1vhhmmd,10.5281/zenodo.1461082,Thermodynamics of soil organic matter decomposition in semi-natural oak (Quercus) woodland in southwest Ireland,Net Negative global warming potential by Nutrient Management in Arid Cropland in China,Open AccessDSC are already corrected to the base line to be integrated to obtain the  heat of combus...,Soil organic carbon is generally very low in arid and extremely arid areas due to harsh environmenta...,"13. Climate action,15. Life on land","2. Zero hunger,13. Climate action,11. Sustainability,15. Life on land",,,0.7867449522018433,0.26224831740061444
10.5061/dryad.gf1vhhmmd,10.5281/zenodo.2525553,Thermodynamics of soil organic matter decomposition in semi-natural oak (Quercus) woodland in southwest Ireland,"Soil organic carbon content in x 5 g / kg at 6 standard depths (0, 10, 30, 60, 100 and 200 cm) at 250 m resolution",Open AccessDSC are already corrected to the base line to be integrated to obtain the  heat of combus...,Open AccessSoil organic carbon content in × 5 g / kg (to convert to % divide by 2) at 6 standard dep...,"13. Climate action,15. Life on land","2. Zero hunger,LandGIS,13. Climate action,15. Life on land,soil carbon",,,0.7867417335510254,0.2622472445170085
10.5061/dryad.gf1vhhmmd,10.5281/zenodo.2525553,Thermodynamics of soil organic matter decomposition in semi-natural oak (Quercus) woodland in southwest Ireland,"Soil organic carbon content in x 5 g / kg at 6 standard depths (0, 10, 30, 60, 100 and 200 cm) at 250 m resolution",Open AccessDSC are already corrected to the base line to be integrated to obtain the  heat of combus...,Open AccessSoil organic carbon content in × 5 g / kg (to convert to % divide by 2) at 6 standard dep...,"13. Climate action,15. Life on land","2. Zero hunger,LandGIS,13. Climate action,15. Life on land,soil carbon",,,0.7867417335510254,0.2622472445170085
10.5061/dryad.gf1vhhmmd,10.5061/dryad.mgqnk991r,Thermodynamics of soil organic matter decomposition in semi-natural oak (Quercus) woodland in southwest Ireland,Increased precipitation and nitrogen addition accelerate the temporal increase of soil respiration during eight-year old-field grassland succession,Open AccessDSC are already corrected to the base line to be integrated to obtain the  heat of combus...,Ecological succession after disturbance plays a vital role in influencing  ecosystem structure and f...,"13. Climate action,15. Life on land","2. Zero hunger,13. Climate action,FOS: Earth and related environmental sciences,15. Life on land",,,0.7855384349822998,0.2618461449940999
10.5061/dryad.gf1vhhmmd,10.5061/dryad.xd2547dhk,Thermodynamics of soil organic matter decomposition in semi-natural oak (Quercus) woodland in southwest Ireland,"Global patterns and drivers of soil microbial biomass C, N, and P in terrestrial ecosystems",Open AccessDSC are already corrected to the base line to be integrated to obtain the  heat of combus...,Soil microbes play key roles in driving and regulating nutrient cycling in  terrestrial ecosystems. ...,"13. Climate action,15. Life on land","2. Zero hunger,13. Climate action,FOS: Earth and related environmental sciences,15. Life on land",,,0.7855384349822998,0.2618461449940999
10.5061/dryad.gf1vhhmmd,10.5061/dryad.rn8pk0p73,Thermodynamics of soil organic matter decomposition in semi-natural oak (Quercus) woodland in southwest Ireland,Effects of plant functional group removal on CO2 fluxes and belowground C stocks across contrasting ecosystems,Open AccessDSC are already corrected to the base line to be integrated to obtain the  heat of combus...,Changes in plant communities can have large effects on ecosystem carbon  (C) dynamics and long-term ...,"13. Climate action,15. Life on land","2. Zero hunger,13. Climate action,FOS: Earth and related environmental sciences,15. Life on land",,,0.7855384349822998,0.2618461449940999
10.5061/dryad.gf1vhhmmd,10.5281/zenodo.1211769,Thermodynamics of soil organic matter decomposition in semi-natural oak (Quercus) woodland in southwest Ireland,A global distribution of dissolved organic carbon in soil and in leaching - (database),Open AccessDSC are already corrected to the base line to be integrated to obtain the  heat of combus...,Current global carbon (C) models are not representing the fraction of C which is displaced along the...,"13. Climate action,15. Life on land","13. Climate action,15. Life on land,Dissolved organic carbon,DOC leaching",,,0.7833279967308044,0.2611093322436015
10.5061/dryad.gf1vhhmmd,10.5281/zenodo.4091029,Thermodynamics of soil organic matter decomposition in semi-natural oak (Quercus) woodland in southwest Ireland,Mapping the irrecoverable carbon in Earth's ecosystems,Open AccessDSC are already corrected to the base line to be integrated to obtain the  heat of combus...,"These datasets provide global maps of carbon density (aboveground, belowground biomass carbon and so...","13. Climate action,15. Life on land","13. Climate action,14. Life underwater,15. Life on land,carbon density, manageable carbon, vulnerable carbon, irrecoverable carbon",,,0.7808319330215454,0.2602773110071818
10.5061/dryad.gf1vhhmmd,10.5281/zenodo.4091029,Thermodynamics of soil organic matter decomposition in semi-natural oak (Quercus) woodland in southwest Ireland,Mapping the irrecoverable carbon in Earth's ecosystems,Open AccessDSC are already corrected to the base line to be integrated to obtain the  heat of combus...,"These datasets provide global maps of carbon density (aboveground, belowground biomass carbon and so...","13. Climate action,15. Life on land","13. Climate action,14. Life underwater,15. Life on land,carbon density, manageable carbon, vulnerable carbon, irrecoverable carbon",,,0.7808319330215454,0.2602773110071818
10.5061/dryad.gf1vhhmmd,10.5061/dryad.gtht76hqs,Thermodynamics of soil organic matter decomposition in semi-natural oak (Quercus) woodland in southwest Ireland,"Soil microbial biomass C, N in biocrust: A meta-analysis",Open AccessDSC are already corrected to the base line to be integrated to obtain the  heat of combus...,The biological soil crust (biocrust) has many crucial ecological functions  in dryland ecosystems. D...,"13. Climate action,15. Life on land","2. Zero hunger,13. Climate action,15. Life on land,FOS: Natural sciences",,,0.7784574031829834,0.25948580106099445
10.5061/dryad.gf1vhhmmd,10.5281/zenodo.8026985,Thermodynamics of soil organic matter decomposition in semi-natural oak (Quercus) woodland in southwest Ireland,Individual and interactive effects of warming and nitrogen supply on CO2 fluxes and carbon allocation in subarctic grassland,Open AccessDSC are already corrected to the base line to be integrated to obtain the  heat of combus...,"We provide data (Data_all.xlsx) and the code for ecosystem productivity, soil respiration, carbon al...","13. Climate action,15. Life on land","2. Zero hunger,13. Climate action,15. Life on land,6. Clean water",,,0.7783769369125366,0.2594589789708455
10.5061/dryad.gf1vhhmmd,10.5281/zenodo.7948951,Thermodynamics of soil organic matter decomposition in semi-natural oak (Quercus) woodland in southwest Ireland,Cycles-L WE-38 watershed simulations from 2000 to 2015,Open AccessDSC are already corrected to the base line to be integrated to obtain the  heat of combus...,This dataset contains the daily output of the Cycles-L Version 1.0.0 model simulations for the WE-38...,"13. Climate action,15. Life on land","2. Zero hunger,13. Climate action,15. Life on land,6. Clean water",,,0.7783769369125366,0.2594589789708455
10.5061/dryad.gf1vhhmmd,10.5061/dryad.r2280gbbn,Thermodynamics of soil organic matter decomposition in semi-natural oak (Quercus) woodland in southwest Ireland,Drought legacy affects microbial community trait distributions related to moisture along a savannah grassland precipitation gradient,Open AccessDSC are already corrected to the base line to be integrated to obtain the  heat of combus...,Open AccessEcosystem models commonly use stable-state assumptions to predict  responses of soil micr...,"13. Climate action,15. Life on land","2. Zero hunger,13. Climate action,15. Life on land,6. Clean water",,,0.7783769369125366,0.2594589789708455
10.5061/dryad.gf1vhhmmd,10.5061/dryad.wm37pvmpg,Thermodynamics of soil organic matter decomposition in semi-natural oak (Quercus) woodland in southwest Ireland,Plant and soil microbial diversity and related spatial and environmental factors in the grasslands of northern China,Open AccessDSC are already corrected to the base line to be integrated to obtain the  heat of combus...,Plant and soil microbial diversity and related spatial and environmental  factors in the grasslands ...,"13. Climate action,15. Life on land","2. Zero hunger,13. Climate action,15. Life on land,6. Clean water",,,0.7783769369125366,0.2594589789708455
10.5061/dryad.gf1vhhmmd,10.5281/zenodo.8391353,Thermodynamics of soil organic matter decomposition in semi-natural oak (Quercus) woodland in southwest Ireland,Carbon sequestration and nitrogen loss drive the evolution of French forest soils: dataset,Open AccessDSC are already corrected to the base line to be integrated to obtain the  heat of combus...,This dataset contains forest floor and mineral soil chemical properties down to 40 cm depth for two ...,"13. Climate action,15. Life on land","2. Zero hunger,13. Climate action,15. Life on land,6. Clean water",,,0.7783769369125366,0.2594589789708455
10.5061/dryad.gf1vhhmmd,10.5194/egusphere-egu21-11039,Thermodynamics of soil organic matter decomposition in semi-natural oak (Quercus) woodland in southwest Ireland,Hydrological processes and water flux quantification in agricultural fields under different tillage and irrigation systems using water stable isotopes,Open AccessDSC are already corrected to the base line to be integrated to obtain the  heat of combus...,<p>&amp;lt;p&amp;gt;Sustainable agriculture should be based on management practices that improve res...,"13. Climate action,15. Life on land","2. Zero hunger,13. Climate action,15. Life on land,6. Clean water",,,0.7783769369125366,0.2594589789708455
10.5061/dryad.gf1vhhmmd,10.5061/dryad.k3j13,Thermodynamics of soil organic matter decomposition in semi-natural oak (Quercus) woodland in southwest Ireland,Data from: Recognizing cross-ecosystem responses to changing temperatures: soil warming impacts pelagic food webs,Open AccessDSC are already corrected to the base line to be integrated to obtain the  heat of combus...,Open AccessThe energy and materials that move across ecosystem boundaries influence  food web struct...,"13. Climate action,15. Life on land","2. Zero hunger,2012,13. Climate action,14. Life underwater,15. Life on land,autumn leaf drop,terrestrial aquatic linkages,6. Clean water,ecological subsidies",,,0.7702969908714294,0.2567656636238098
10.5061/dryad.gf1vhhmmd,10.5281/zenodo.5148787,Thermodynamics of soil organic matter decomposition in semi-natural oak (Quercus) woodland in southwest Ireland,Global process-based characterization factors of soil carbon depletion for life cycle impact assessment,Open AccessDSC are already corrected to the base line to be integrated to obtain the  heat of combus...,"Supporting information files (rasters) of the paper: Teixeira, R.F.M., Morais, T.G., Domingos, T. 20...","13. Climate action,15. Life on land","2. Zero hunger,13. Climate action,15. Life on land,12. Responsible consumption",,,0.7660302519798279,0.2553434173266093
10.5061/dryad.gf1vhhmmd,10.5281/zenodo.5148787,Thermodynamics of soil organic matter decomposition in semi-natural oak (Quercus) woodland in southwest Ireland,Global process-based characterization factors of soil carbon depletion for life cycle impact assessment,Open AccessDSC are already corrected to the base line to be integrated to obtain the  heat of combus...,"Supporting information files (rasters) of the paper: Teixeira, R.F.M., Morais, T.G., Domingos, T. 20...","13. Climate action,15. Life on land","2. Zero hunger,13. Climate action,15. Life on land,12. Responsible consumption",,,0.7660302519798279,0.2553434173266093
10.5061/dryad.gf1vhhmmd,10.5061/dryad.hdr7sqvmt,Thermodynamics of soil organic matter decomposition in semi-natural oak (Quercus) woodland in southwest Ireland,Mapping soil microbial residence time at the global scale,Open AccessDSC are already corrected to the base line to be integrated to obtain the  heat of combus...,Open AccessSoil microbes ultimately drive the mineralization of soil organic carbon  and thus ecosys...,"13. Climate action,15. Life on land","13. Climate action,FOS: Biological sciences,MBC data,15. Life on land",,,0.7637069821357727,0.25456899404525757
10.5061/dryad.gf1vhhmmd,10.5281/zenodo.3572061,Thermodynamics of soil organic matter decomposition in semi-natural oak (Quercus) woodland in southwest Ireland,"Field-lab data and analyses results West Kalimantan, Indonesia",Open AccessDSC are already corrected to the base line to be integrated to obtain the  heat of combus...,Open AccessField data included in this compressed folder were collected over an area of approximatel...,"13. Climate action,15. Life on land","13. Climate action,15. Life on land,Organic carbon content, Airborne Electromagnetics, CRESCENDO, Marie Skłodowska-Curie action, peatlands, peat thickness, peat volume, Indonesia, SkyTEM, carbon pool",,,0.762245237827301,0.25408174594243366
10.5061/dryad.gf1vhhmmd,10.1038/s41467-019-11993-1,Thermodynamics of soil organic matter decomposition in semi-natural oak (Quercus) woodland in southwest Ireland,Plant roots increase both decomposition and stable organic matter formation in boreal forest soil,Open AccessDSC are already corrected to the base line to be integrated to obtain the  heat of combus...,Abstract<p>Boreal forests are ecosystems with low nitrogen (N) availability that store globally sign...,"13. Climate action,15. Life on land","0106 biological sciences,roots,Nitrogen,Science,Hyphae,01 natural sciences,Plant Roots,Models, Biological,Article,LITTER DECOMPOSITION,Soil,POLYPHENOLS,CARBON SEQUESTRATION,soil organic matter,Taiga,SDG 13 - Climate Action,SUGAR MAPLE,Biomass,Organic Chemicals,106026 Ecosystem research,forest ecology,Soil Microbiology,Ecosystem,TANNINS,106022 Mikrobiologie,MYCORRHIZA,ECTOMYCORRHIZAL FUNGI,Q,Forestry,04 agricultural and veterinary sciences,Plants,Carbon,NITROGEN,Environmental sciences,Boreal forests,106026 Ökosystemforschung,SDG 13 – Maßnahmen zum Klimaschutz,0401 agriculture, forestry, and fisheries,106022 Microbiology,COMMUNITIES,STORAGE",0.6504321098327637,,,0.2168107032775879
10.5061/dryad.gf1vhhmmd,10.1016/j.foreco.2006.12.017,Thermodynamics of soil organic matter decomposition in semi-natural oak (Quercus) woodland in southwest Ireland,Organic Matter Composition And Dynamics In A Northern Hardwood Forest Ecosystem 15 Years After Clear-Cutting,Open AccessDSC are already corrected to the base line to be integrated to obtain the  heat of combus...,Abstract   Soil organic matter (SOM) plays an important role in governing soil properties and nutrie...,"13. Climate action,15. Life on land","040103 agronomy & agriculture,0401 agriculture, forestry, and fisheries,04 agricultural and veterinary sciences,04010301 Horticulture/Soil",0.648122251033783,,,0.21604075034459433
10.5061/dryad.gf1vhhmmd,10.1016/j.soilbio.2012.04.005,Thermodynamics of soil organic matter decomposition in semi-natural oak (Quercus) woodland in southwest Ireland,Biological Degradation Of Pyrogenic Organic Matter In Temperate Forest Soils,Open AccessDSC are already corrected to the base line to be integrated to obtain the  heat of combus...,"Abstract   Pyrogenic organic matter (PyOM), derived from the incomplete combustion of plant biomass ...","13. Climate action,15. Life on land","01050102 Sanitation/Water pollution,040103 agronomy & agriculture,0401 agriculture, forestry, and fisheries,04 agricultural and veterinary sciences,010501 environmental sciences,01 natural sciences,04010301 Horticulture/Soil,0105 earth and related environmental sciences",0.6416425108909607,,,0.21388083696365356
10.5061/dryad.gf1vhhmmd,10.1016/j.geoderma.2007.09.006,Thermodynamics of soil organic matter decomposition in semi-natural oak (Quercus) woodland in southwest Ireland,Soil Organic Matter Under Different Forest Types In Southern China,Open AccessDSC are already corrected to the base line to be integrated to obtain the  heat of combus...,Conversion of native broadleaved forests to pure coniferous plantation is a common management practi...,"13. Climate action,15. Life on land","040103 agronomy & agriculture,0401 agriculture, forestry, and fisheries,04 agricultural and veterinary sciences,04010301 Horticulture/Soil",0.6401569843292236,,,0.21338566144307455
10.5061/dryad.gf1vhhmmd,10.1080/10256010108033279,Thermodynamics of soil organic matter decomposition in semi-natural oak (Quercus) woodland in southwest Ireland,The Effect Of Soil Temperature And Moisture On Organic Matter Decomposition And Plant Growth,Open AccessDSC are already corrected to the base line to be integrated to obtain the  heat of combus...,The effect of soil temperature and moisture on plant growth and mineralisation of organic residues w...,"13. Climate action,15. Life on land","Carbon Isotopes,Nitrogen Isotopes,Glycine max,Secale,Temperature,Water,04010304 Weeds/Agricultural pests,04 agricultural and veterinary sciences,Plant Roots,Soil,Austria,040103 agronomy & agriculture,0401 agriculture, forestry, and fisheries,Ecosystem",0.6340352296829224,,,0.21134507656097412
10.5061/dryad.gf1vhhmmd,10.1016/j.apsoil.2006.08.003,Thermodynamics of soil organic matter decomposition in semi-natural oak (Quercus) woodland in southwest Ireland,"Effects Of Ecological Restoration On Microbial Activity, Microbial Functional Diversity, And Soil Organic Matter In Mixed-Oak Forests Of Southern Ohio, Usa",Open AccessDSC are already corrected to the base line to be integrated to obtain the  heat of combus...,Abstract   As a result of many decades of fire suppression and atmospheric deposition the deciduous ...,"13. Climate action,15. Life on land","040103 agronomy & agriculture,0401 agriculture, forestry, and fisheries,04 agricultural and veterinary sciences,04010301 Horticulture/Soil",0.6287871599197388,,,0.20959571997324625
10.5061/dryad.gf1vhhmmd,10.1097/01.ss.0000228061.23334.98,Thermodynamics of soil organic matter decomposition in semi-natural oak (Quercus) woodland in southwest Ireland,Soil Organic Matter Changes In A Spruce Chronosequence On Swedish Former Agricultural Soil I. Carbon And Lignin Dynamics,Open AccessDSC are already corrected to the base line to be integrated to obtain the  heat of combus...,Afforestation of former agricultural soils is an important tool to reduce atmospheric CO2 levels bec...,"13. Climate action,15. Life on land","040103 agronomy & agriculture,0401 agriculture, forestry, and fisheries,04 agricultural and veterinary sciences,04010301 Horticulture/Soil",0.6284277439117432,,,0.2094759146372477
10.5061/dryad.gf1vhhmmd,10.1016/j.foreco.2005.04.016,Thermodynamics of soil organic matter decomposition in semi-natural oak (Quercus) woodland in southwest Ireland,Organic Matter Manipulations Have Little Effect On Gross And Net Nitrogen Transformations In Two Temperate Forest Mineral Soils In The Usa And Central Europe,Open AccessDSC are already corrected to the base line to be integrated to obtain the  heat of combus...,Abstract   Soil nitrogen transformations are intricately linked to carbon transformations. We utiliz...,"13. Climate action,15. Life on land","040103 agronomy & agriculture,0401 agriculture, forestry, and fisheries,04 agricultural and veterinary sciences,04010301 Horticulture/Soil",0.6182615160942078,,,0.2060871720314026
10.5061/dryad.gf1vhhmmd,10.1016/j.agrformet.2012.01.016,Thermodynamics of soil organic matter decomposition in semi-natural oak (Quercus) woodland in southwest Ireland,Forest Thinning And Soil Respiration In A Sitka Spruce Forest In Ireland,Open AccessDSC are already corrected to the base line to be integrated to obtain the  heat of combus...,"Abstract   Forest thinning influences soil processes by altering key microclimatic conditions, root ...","13. Climate action,15. Life on land","0106 biological sciences,01060301 Forests/Habitats,040103 agronomy & agriculture,0401 agriculture, forestry, and fisheries,04 agricultural and veterinary sciences,010603 evolutionary biology,01 natural sciences",0.6122387647628784,,,0.20407958825429282
10.5061/dryad.gf1vhhmmd,10.1016/j.soilbio.2011.08.013,Thermodynamics of soil organic matter decomposition in semi-natural oak (Quercus) woodland in southwest Ireland,Rapid Soil Organic Matter Loss From Forest Dieback In A Subalpine Coniferous Ecosystem,Open AccessDSC are already corrected to the base line to be integrated to obtain the  heat of combus...,Abstract   Forest dieback caused by climate-change associated stresses and insect outbreaks has emer...,"13. Climate action,15. Life on land","040103 agronomy & agriculture,0401 agriculture, forestry, and fisheries,04 agricultural and veterinary sciences,04010301 Horticulture/Soil",0.6077024936676025,,,0.20256749788920084
10.5061/dryad.gf1vhhmmd,10.1016/j.soilbio.2009.05.010,Thermodynamics of soil organic matter decomposition in semi-natural oak (Quercus) woodland in southwest Ireland,Soil Organic Matter In Soil Physical Fractions In Adjacent Semi-Natural And Cultivated Stands In Temperate Atlantic Forests,Open AccessDSC are already corrected to the base line to be integrated to obtain the  heat of combus...,Changes from natural tree species to rapidly growing exotic species as well as intensification of fo...,"13. Climate action,15. Life on land","040103 agronomy & agriculture,0401 agriculture, forestry, and fisheries,04 agricultural and veterinary sciences,04010301 Horticulture/Soil",0.6035980582237244,,,0.20119935274124146
10.5061/dryad.gf1vhhmmd,10.1016/j.agrformet.2016.06.003,Thermodynamics of soil organic matter decomposition in semi-natural oak (Quercus) woodland in southwest Ireland,Differential Responses Of Soil Respiration To Soil Warming And Experimental Throughfall Reduction In A Transitional Oak Forest In Central China,Open AccessDSC are already corrected to the base line to be integrated to obtain the  heat of combus...,Abstract   Examining responses of soil respiration to climate change is crucial for understanding fu...,"13. Climate action,15. Life on land","01050408 Carbon cycle/Chemical oceanography,010504 meteorology & atmospheric sciences,040103 agronomy & agriculture,0401 agriculture, forestry, and fisheries,04 agricultural and veterinary sciences,01 natural sciences,04010301 Horticulture/Soil,0105 earth and related environmental sciences",0.6019061207771301,,,0.2006353735923767
10.5061/dryad.gf1vhhmmd,10.1039/c1em10059a,Thermodynamics of soil organic matter decomposition in semi-natural oak (Quercus) woodland in southwest Ireland,Soil Carbon Storage As Influenced By Tree Cover In The Dehesa Cork Oak Silvopasture Of Central-Western Spain,Open AccessDSC are already corrected to the base line to be integrated to obtain the  heat of combus...,The extent of carbon (C) stored in soils depends on a number of factors including soil characteristi...,"13. Climate action,15. Life on land","Carbon Sequestration,Quercus,Soil,04010302 Agroecology/Sustainable agriculture,Spain,040103 agronomy & agriculture,Soil Pollutants,0401 agriculture, forestry, and fisheries,Agriculture,04 agricultural and veterinary sciences,Carbon,Environmental Monitoring",0.6014520525932312,,,0.20048401753107706
10.5061/dryad.gf1vhhmmd,10.1039/c1em10059a,Thermodynamics of soil organic matter decomposition in semi-natural oak (Quercus) woodland in southwest Ireland,Soil Carbon Storage As Influenced By Tree Cover In The Dehesa Cork Oak Silvopasture Of Central-Western Spain,Open AccessDSC are already corrected to the base line to be integrated to obtain the  heat of combus...,The extent of carbon (C) stored in soils depends on a number of factors including soil characteristi...,"13. Climate action,15. Life on land","Carbon Sequestration,Quercus,Soil,04010302 Agroecology/Sustainable agriculture,Spain,040103 agronomy & agriculture,Soil Pollutants,0401 agriculture, forestry, and fisheries,Agriculture,04 agricultural and veterinary sciences,Carbon,Environmental Monitoring",0.6014520525932312,,,0.20048401753107706
10.5061/dryad.gf1vhhmmd,10.1016/j.agee.2005.02.015,Thermodynamics of soil organic matter decomposition in semi-natural oak (Quercus) woodland in southwest Ireland,Soil Organic Matter Dynamics After Deforestation Along A Farm Field Chronosequence In Southern Highlands Of Ethiopia,Open AccessDSC are already corrected to the base line to be integrated to obtain the  heat of combus...,Abstract   Depletion of soil organic matter (SOM) is a major component of soil degradation that thre...,"13. Climate action,15. Life on land","040103 agronomy & agriculture,0401 agriculture, forestry, and fisheries,04 agricultural and veterinary sciences,04010301 Horticulture/Soil",0.5937225818634033,,,0.19790752728780112
10.5061/dryad.gf1vhhmmd,10.1016/j.soilbio.2010.03.007,Thermodynamics of soil organic matter decomposition in semi-natural oak (Quercus) woodland in southwest Ireland,Changes In Soil Microbial Biomass Carbon And Enzyme Activities Under Elevated Co2 Affect Fine Root Decomposition Processes In A Mongolian Oak Ecosystem,Open AccessDSC are already corrected to the base line to be integrated to obtain the  heat of combus...,Abstract   The relationships between soil microbial properties and fine root decomposition processes...,"13. Climate action,15. Life on land","040103 agronomy & agriculture,0401 agriculture, forestry, and fisheries,04 agricultural and veterinary sciences,04010301 Horticulture/Soil",0.5927829146385193,,,0.19759430487950644
10.5061/dryad.gf1vhhmmd,10.1111/ejss.12087,Thermodynamics of soil organic matter decomposition in semi-natural oak (Quercus) woodland in southwest Ireland,Assessing The Impacts Of The Establishment Ofmiscanthuson Soil Organic Carbon On Two Contrasting Land-Use Types In Ireland,Open AccessDSC are already corrected to the base line to be integrated to obtain the  heat of combus...,Summary<p>In recent years the use of biomass for energy production has become an increasingly import...,"13. Climate action,15. Life on land","13. Climate action,040103 agronomy & agriculture,0401 agriculture, forestry, and fisheries,04 agricultural and veterinary sciences,04010301 Horticulture/Soil",0.5921775102615356,,,0.19739250342051187
10.5061/dryad.gf1vhhmmd,10.1111/sum.12260,Thermodynamics of soil organic matter decomposition in semi-natural oak (Quercus) woodland in southwest Ireland,Soil Organic Matter Quality And Microbial Activities In Spruce Swamp Forests Affected By Drainage And Water Regime Restoration,Open AccessDSC are already corrected to the base line to be integrated to obtain the  heat of combus...,Abstract<p>The effect of spruce swamp forest (SSF) drainage and water regime restoration on soil org...,"13. Climate action,15. Life on land","040103 agronomy & agriculture,0401 agriculture, forestry, and fisheries,04 agricultural and veterinary sciences,04010301 Horticulture/Soil",0.5908280611038208,,,0.19694268703460693
10.5061/dryad.gf1vhhmmd,eusoils.jrc.ec.europa.eu/ESDB_Archive/eusoils_docs/esb_rr/n15_OMsouthEurope.zip,Thermodynamics of soil organic matter decomposition in semi-natural oak (Quercus) woodland in southwest Ireland,Organic Matter in the Soils of Southern Europe.,Open AccessDSC are already corrected to the base line to be integrated to obtain the  heat of combus...,"Organic Matter in the Soils of Southern Europe. Pandi Zdruli, Robert J.A. Jones and Luca Montanarell...","13. Climate action,15. Life on land","Documents,ESBN Research Reports,Maps & Documents",0.5865757465362549,,,0.1955252488454183
10.5061/dryad.gf1vhhmmd,eusoils.jrc.ec.europa.eu/ESDB_Archive/eusoils_docs/esb_rr/n15_OMsouthEurope.zip,Thermodynamics of soil organic matter decomposition in semi-natural oak (Quercus) woodland in southwest Ireland,Organic Matter in the Soils of Southern Europe.,Open AccessDSC are already corrected to the base line to be integrated to obtain the  heat of combus...,"Organic Matter in the Soils of Southern Europe. Pandi Zdruli, Robert J.A. Jones and Luca Montanarell...","13. Climate action,15. Life on land","Documents,ESBN Research Reports,Maps & Documents",0.5865757465362549,,,0.1955252488454183
10.5061/dryad.gf1vhhmmd,10.1111/j.1438-8677.2012.00686.x,Thermodynamics of soil organic matter decomposition in semi-natural oak (Quercus) woodland in southwest Ireland,Nitrogen Dynamics In Oak Model Ecosystems Subjected To Air Warming And Drought On Two Different Soils,Open AccessDSC are already corrected to the base line to be integrated to obtain the  heat of combus...,"Abstract<p>Being tolerant to heat and drought, oaks are promising candidates for future forestry in ...","13. Climate action,15. Life on land","0106 biological sciences,Hot Temperature,Nitrogen,Climate,Rain,Quercus petraea,Nitrate,Global Warming,Models, Biological,010603 evolutionary biology,01 natural sciences,Quercus,Soil,Species Specificity,Stress, Physiological,Climate change,Biomass,Ecosystem,Nitrates,Air,Water,04 agricultural and veterinary sciences,Adaptation, Physiological,Droughts,15N tracer,Recovery rate,Quercus pubescens,13. Climate action,01060301 Forests/Habitats,040103 agronomy & agriculture,0401 agriculture, forestry, and fisheries,Quercus robur,Ammonium",0.5865195989608765,,,0.19550653298695883
10.5061/dryad.gf1vhhmmd,10.1046/j.1365-2486.2003.00598.x,Thermodynamics of soil organic matter decomposition in semi-natural oak (Quercus) woodland in southwest Ireland,Soil Organic Matter Biochemistry And Potential Susceptibility To Climatic Change Across The Forest-Tundra Ecotone In The Fennoscandian Mountains,Open AccessDSC are already corrected to the base line to be integrated to obtain the  heat of combus...,Abstract<p>We studied soil organic carbon (C) chemistry at the mountain birch forest￢ﾀﾐtundra ecoton...,"13. Climate action,15. Life on land","040103 agronomy & agriculture,0401 agriculture, forestry, and fisheries,04 agricultural and veterinary sciences,04010301 Horticulture/Soil",0.5784935355186462,,,0.19283117850621542
10.5061/dryad.gf1vhhmmd,10.1016/j.foreco.2005.06.004,Thermodynamics of soil organic matter decomposition in semi-natural oak (Quercus) woodland in southwest Ireland,"Relationship Of Understory Diversity To Soil Nitrogen, Topographic Variation, And Stand Age In An Eastern Oak Forest, Usa",Open AccessDSC are already corrected to the base line to be integrated to obtain the  heat of combus...,"Nitrogen (N) availability is a primary limiting factor in many temperate deciduous forests. However,...","13. Climate action,15. Life on land","0106 biological sciences,01060301 Forests/Habitats,040103 agronomy & agriculture,0401 agriculture, forestry, and fisheries,04 agricultural and veterinary sciences,010603 evolutionary biology,01 natural sciences",0.576343834400177,,,0.19211461146672568
10.5061/dryad.gf1vhhmmd,10.1016/j.agee.2017.06.018,Thermodynamics of soil organic matter decomposition in semi-natural oak (Quercus) woodland in southwest Ireland,Trees Increase Soil Organic Carbon And Nutrient Availability In Temperate Agroforestry Systems,Open AccessDSC are already corrected to the base line to be integrated to obtain the  heat of combus...,Abstract   Agroforestry systems (AFS) have a large potential to deliver a wide range of ecosystem se...,"13. Climate action,15. Life on land","04010302 Agroecology/Sustainable agriculture,040103 agronomy & agriculture,0401 agriculture, forestry, and fisheries,04 agricultural and veterinary sciences",0.5734584331512451,,,0.19115281105041504
10.5061/dryad.gf1vhhmmd,10.1111/j.1365-2389.2006.00858.x,Thermodynamics of soil organic matter decomposition in semi-natural oak (Quercus) woodland in southwest Ireland,Influence Of Trees On Soil Organic Matter In Mediterranean Agroforestry Systems: An Example From The 'Espinal' Of Central Chile,Open AccessDSC are already corrected to the base line to be integrated to obtain the  heat of combus...,"Summary<p>The ￢ﾀﾘEspinal￢ﾀﾙ agroforestry system of the Mediterranean zone of central Chile, which co...","13. Climate action,15. Life on land","04010302 Agroecology/Sustainable agriculture,040103 agronomy & agriculture,0401 agriculture, forestry, and fisheries,04 agricultural and veterinary sciences",0.5731282234191895,,,0.19104274113972983
10.5061/dryad.gf1vhhmmd,10.1016/j.apsoil.2009.09.003,Thermodynamics of soil organic matter decomposition in semi-natural oak (Quercus) woodland in southwest Ireland,Organic Carbon In Soil Physical Fractions Under Different-Aged Plantations Of Mongolian Pine In Semi-Arid Region Of Northeast China,Open AccessDSC are already corrected to the base line to be integrated to obtain the  heat of combus...,In order to understand the changes of surface soil carbon (C) storage following the afforestation of...,"13. Climate action,15. Life on land","040103 agronomy & agriculture,0401 agriculture, forestry, and fisheries,04 agricultural and veterinary sciences,04010301 Horticulture/Soil",0.571943998336792,,,0.19064799944559732
10.5061/dryad.gf1vhhmmd,10.1016/j.soilbio.2004.12.012,Thermodynamics of soil organic matter decomposition in semi-natural oak (Quercus) woodland in southwest Ireland,Seasonal Variations In Enzyme Activity And Organic Carbon In Soil Of A Burned And Unburned Hardwood Forest,Open AccessDSC are already corrected to the base line to be integrated to obtain the  heat of combus...,Abstract   This study examined variations in soil organic C content and the activity of acid phospha...,"13. Climate action,15. Life on land","040103 agronomy & agriculture,0401 agriculture, forestry, and fisheries,04 agricultural and veterinary sciences,04010301 Horticulture/Soil",0.5718612670898438,,,0.19062042236328125
10.5061/dryad.gf1vhhmmd,10.1016/j.foreco.2004.10.035,Thermodynamics of soil organic matter decomposition in semi-natural oak (Quercus) woodland in southwest Ireland,Soil Carbon Dynamics In A Sitka Spruce (Picea Sitchensis (Bong.) Carr.) Chronosequence On A Peaty Gley,Open AccessDSC are already corrected to the base line to be integrated to obtain the  heat of combus...,We investigated whether the establishment of forests on organic grassland soils leads to significant...,"13. Climate action,15. Life on land","01050408 Carbon cycle/Chemical oceanography,010504 meteorology & atmospheric sciences,040103 agronomy & agriculture,0401 agriculture, forestry, and fisheries,04 agricultural and veterinary sciences,01 natural sciences,04010301 Horticulture/Soil,0105 earth and related environmental sciences",0.5685978531837463,,,0.18953261772791544
10.5061/dryad.gf1vhhmmd,10.1016/j.soilbio.2016.04.023,Thermodynamics of soil organic matter decomposition in semi-natural oak (Quercus) woodland in southwest Ireland,Mechanisms Driving The Soil Organic Matter Decomposition Response To Nitrogen Enrichment In Grassland Soils,Open AccessDSC are already corrected to the base line to be integrated to obtain the  heat of combus...,Abstract   Empirical studies show that nitrogen (N) addition often reduces microbial decomposition o...,"13. Climate action,15. Life on land","040103 agronomy & agriculture,0401 agriculture, forestry, and fisheries,04 agricultural and veterinary sciences,04010301 Horticulture/Soil",0.5656289458274841,,,0.18854298194249472
10.5061/dryad.gf1vhhmmd,10.1016/j.soilbio.2016.04.023,Thermodynamics of soil organic matter decomposition in semi-natural oak (Quercus) woodland in southwest Ireland,Mechanisms Driving The Soil Organic Matter Decomposition Response To Nitrogen Enrichment In Grassland Soils,Open AccessDSC are already corrected to the base line to be integrated to obtain the  heat of combus...,Abstract   Empirical studies show that nitrogen (N) addition often reduces microbial decomposition o...,"13. Climate action,15. Life on land","040103 agronomy & agriculture,0401 agriculture, forestry, and fisheries,04 agricultural and veterinary sciences,04010301 Horticulture/Soil",0.5656289458274841,,,0.18854298194249472
10.5061/dryad.gf1vhhmmd,10.1016/j.soilbio.2006.04.004,Thermodynamics of soil organic matter decomposition in semi-natural oak (Quercus) woodland in southwest Ireland,Organic Matter Turnover In Soil Physical Fractions Following Woody Plant Invasion Of Grassland: Evidence From Natural (13)C And (15)N,Open AccessDSC are already corrected to the base line to be integrated to obtain the  heat of combus...,Soil physical structure causes differential accessibility of soil organic carbon (SOC) to decomposer...,"13. Climate action,15. Life on land","2. Zero hunger,040103 agronomy & agriculture,0401 agriculture, forestry, and fisheries,04 agricultural and veterinary sciences,04010301 Horticulture/Soil",0.5646249055862427,,,0.1882083018620809
10.5061/dryad.gf1vhhmmd,10.1016/j.foreco.2008.01.016,Thermodynamics of soil organic matter decomposition in semi-natural oak (Quercus) woodland in southwest Ireland,Soil Organic Matter In A Ponderosa Pine Forest With Varying Seasons And Intervals Of Prescribed Burn,Open AccessDSC are already corrected to the base line to be integrated to obtain the  heat of combus...,Abstract   Prescribed burning is used to reduce fuel loads and return ponderosa pine forests of the ...,"13. Climate action,15. Life on land","040103 agronomy & agriculture,0401 agriculture, forestry, and fisheries,04 agricultural and veterinary sciences,04010301 Horticulture/Soil",0.56443852186203,,,0.18814617395401
10.5061/dryad.gf1vhhmmd,10.1016/j.still.2006.07.005,Thermodynamics of soil organic matter decomposition in semi-natural oak (Quercus) woodland in southwest Ireland,"Soil Aggregation, And Total And Particulate Organic Matter Following Conversion Of Native Forests To Continuous Cultivation In Ethiopia",Open AccessDSC are already corrected to the base line to be integrated to obtain the  heat of combus...,Conversion of native forests to cultivation is usually accompanied by a decline in soil organic carb...,"13. Climate action,15. Life on land","040103 agronomy & agriculture,0401 agriculture, forestry, and fisheries,04 agricultural and veterinary sciences,04010301 Horticulture/Soil",0.5636512041091919,,,0.18788373470306396
10.5061/dryad.gf1vhhmmd,10.1016/j.still.2006.07.005,Thermodynamics of soil organic matter decomposition in semi-natural oak (Quercus) woodland in southwest Ireland,"Soil Aggregation, And Total And Particulate Organic Matter Following Conversion Of Native Forests To Continuous Cultivation In Ethiopia",Open AccessDSC are already corrected to the base line to be integrated to obtain the  heat of combus...,Conversion of native forests to cultivation is usually accompanied by a decline in soil organic carb...,"13. Climate action,15. Life on land","040103 agronomy & agriculture,0401 agriculture, forestry, and fisheries,04 agricultural and veterinary sciences,04010301 Horticulture/Soil",0.5636512041091919,,,0.18788373470306396
10.5061/dryad.gf1vhhmmd,10.1139/x05-175,Thermodynamics of soil organic matter decomposition in semi-natural oak (Quercus) woodland in southwest Ireland,"Soil Properties, Aspen, And White Spruce Responses 5 Years After Organic Matter Removal And Compaction Treatments",Open AccessDSC are already corrected to the base line to be integrated to obtain the  heat of combus...,<p> Retaining organic matter and preventing soil compaction are important factors affecting the sust...,"13. Climate action,15. Life on land","040101 forestry,04010303 Forests/Ecosystems,040103 agronomy & agriculture,0401 agriculture, forestry, and fisheries,04 agricultural and veterinary sciences",0.5630313158035278,,,0.18767710526784262
10.5061/dryad.gf1vhhmmd,10.1016/j.soilbio.2014.10.004,Thermodynamics of soil organic matter decomposition in semi-natural oak (Quercus) woodland in southwest Ireland,"Effect Of Low Temperature And Soil Type On The Decomposition Rate Of Soil Organic Carbon And Clover Leaves, And Related Priming Effect",Open AccessDSC are already corrected to the base line to be integrated to obtain the  heat of combus...,Abstract   The purpose of this study was to improve the temperature response function to be used in ...,"13. Climate action,15. Life on land","040103 agronomy & agriculture,0401 agriculture, forestry, and fisheries,04 agricultural and veterinary sciences,04010301 Horticulture/Soil",0.5624229907989502,,,0.18747433026631674
10.5061/dryad.gf1vhhmmd,10.1016/j.soilbio.2014.10.004,Thermodynamics of soil organic matter decomposition in semi-natural oak (Quercus) woodland in southwest Ireland,"Effect Of Low Temperature And Soil Type On The Decomposition Rate Of Soil Organic Carbon And Clover Leaves, And Related Priming Effect",Open AccessDSC are already corrected to the base line to be integrated to obtain the  heat of combus...,Abstract   The purpose of this study was to improve the temperature response function to be used in ...,"13. Climate action,15. Life on land","040103 agronomy & agriculture,0401 agriculture, forestry, and fisheries,04 agricultural and veterinary sciences,04010301 Horticulture/Soil",0.5624229907989502,,,0.18747433026631674
10.5061/dryad.gf1vhhmmd,10.1111/j.1365-2486.2010.02300.x,Thermodynamics of soil organic matter decomposition in semi-natural oak (Quercus) woodland in southwest Ireland,Drought-Resistant Fungi Control Soil Organic Matter Decomposition And Its Response To Temperature,Open AccessDSC are already corrected to the base line to be integrated to obtain the  heat of combus...,Microbial-mediated decomposition of soil organic matter (SOM) ultimately makes a considerable contri...,"13. Climate action,15. Life on land","Diversity,Diversitat,Bacteria,Drought,Q10,Soil organic matter decomposition,Descomposició de la Matèria Orgánica del Sòl,Fungi,Sequera,04 agricultural and veterinary sciences,Canvi climáticas,Bacteris,Descomposició de la matèria orgànica del sòl,Fongs,040103 agronomy & agriculture,Climate change,Canvi climàtic,Fong,0401 agriculture, forestry, and fisheries,04010301 Horticulture/Soil",0.5622249841690063,,,0.18740832805633545
10.5061/dryad.gf1vhhmmd,10.1016/j.scitotenv.2014.07.098,Thermodynamics of soil organic matter decomposition in semi-natural oak (Quercus) woodland in southwest Ireland,Effects Of Different Types Of N Deposition On The Fungal Decomposition Activities Of Temperate Forest Soils,Open AccessDSC are already corrected to the base line to be integrated to obtain the  heat of combus...,Nitrogen (N) deposition significantly affects soil microbial activities and litter decomposition pro...,"13. Climate action,15. Life on land","beta-Fructofuranosidase,Nitrogen,Fungi,04 agricultural and veterinary sciences,Forests,Nitrogen Cycle,010501 environmental sciences,01 natural sciences,01050102 Sanitation/Water pollution,040103 agronomy & agriculture,0401 agriculture, forestry, and fisheries,Ecosystem,Soil Microbiology,04010301 Horticulture/Soil,0105 earth and related environmental sciences",0.5616718530654907,,,0.18722395102183023
10.5061/dryad.gf1vhhmmd,10.1139/x05-192,Thermodynamics of soil organic matter decomposition in semi-natural oak (Quercus) woodland in southwest Ireland,Soil Respiration In Pure And Mixed Stands Of European Beech And Norway Spruce Following Removal Of Organic Horizons,Open AccessDSC are already corrected to the base line to be integrated to obtain the  heat of combus...,<p> Soil respiration was measured in adjacent pure and mixed stands of European beech (Fagus sylvati...,"13. Climate action,15. Life on land","040103 agronomy & agriculture,0401 agriculture, forestry, and fisheries,04 agricultural and veterinary sciences,04010301 Horticulture/Soil",0.5599831342697144,,,0.18666104475657144
10.5061/dryad.gf1vhhmmd,10.1016/j.foreco.2007.08.015,Thermodynamics of soil organic matter decomposition in semi-natural oak (Quercus) woodland in southwest Ireland,Carbon And Nitrogen In Forest Floor And Mineral Soil Under Six Common European Tree Species,Open AccessDSC are already corrected to the base line to be integrated to obtain the  heat of combus...,"Abstract   The knowledge of tree species effects on soil C and N pools is scarce, particularly for E...","13. Climate action,15. Life on land","0106 biological sciences,01060301 Forests/Habitats,040103 agronomy & agriculture,0401 agriculture, forestry, and fisheries,04 agricultural and veterinary sciences,010603 evolutionary biology,01 natural sciences",0.5597777962684631,,,0.1865925987561544
10.5061/dryad.gf1vhhmmd,10.1016/j.catena.2009.04.004,Thermodynamics of soil organic matter decomposition in semi-natural oak (Quercus) woodland in southwest Ireland,Carbon Accumulation In Umbrisols Under Quercus Pyrenaica Forests: Effects Of Bedrock And Annual Precipitation,Open AccessDSC are already corrected to the base line to be integrated to obtain the  heat of combus...,"Abstract   The objective of this study was to determine the effect of bedrock, mean annual precipita...","13. Climate action,15. Life on land","01050102 Sanitation/Water pollution,040103 agronomy & agriculture,0401 agriculture, forestry, and fisheries,04 agricultural and veterinary sciences,010501 environmental sciences,01 natural sciences,04010301 Horticulture/Soil,0105 earth and related environmental sciences",0.5595751404762268,,,0.18652504682540894
10.5061/dryad.gf1vhhmmd,10.1016/j.biombioe.2013.10.018,Thermodynamics of soil organic matter decomposition in semi-natural oak (Quercus) woodland in southwest Ireland,No Significant Differences In Soil Organic Carbon Contents Along A Chronosequence Of Shrub Willow Biomass Crop Fields,Open AccessDSC are already corrected to the base line to be integrated to obtain the  heat of combus...,Shrub willow biomass crops (SWBC) have been developed and promoted for widespread deployment in nort...,"13. Climate action,15. Life on land","040103 agronomy & agriculture,0401 agriculture, forestry, and fisheries,01050103 Biofuels/Biodegradable waste management,04 agricultural and veterinary sciences,010501 environmental sciences,01 natural sciences,04010301 Horticulture/Soil,0105 earth and related environmental sciences",0.5577216744422913,,,0.18590722481409708
10.5061/dryad.gf1vhhmmd,10.1111/j.1438-8677.2011.00552.x,Thermodynamics of soil organic matter decomposition in semi-natural oak (Quercus) woodland in southwest Ireland,Water Regime And Growth Of Young Oak Stands Subjected To Air-Warming And Drought On Two Different Forest Soils In A Model Ecosystem Experiment,Open AccessDSC are already corrected to the base line to be integrated to obtain the  heat of combus...,Abstract<p>Global climate change is expected to increase annual temperatures and decrease summer pre...,"13. Climate action,15. Life on land","0106 biological sciences,Hot Temperature,Global Warming,010603 evolutionary biology,01 natural sciences,Trees,Quercus,Soil,Stress, Physiological,Root: shoot ratio,Soil temperature,Biomass,Ecosystem,Manganese,Evapotranspiration,Air,Water use efficiency,Water,Phosphorus,Plant Transpiration,04 agricultural and veterinary sciences,Adaptation, Physiological,Droughts,01060301 Forests/Habitats,040103 agronomy & agriculture,0401 agriculture, forestry, and fisheries,Plant Structures,Soil-plant interactions",0.5570646524429321,,,0.18568821748097739
10.5061/dryad.gf1vhhmmd,f48d4271-8909-48b9-812e-3b083c5e0116,Thermodynamics of soil organic matter decomposition in semi-natural oak (Quercus) woodland in southwest Ireland,Soil respiration of a European beech and a Scots pine forest,Open AccessDSC are already corrected to the base line to be integrated to obtain the  heat of combus...,"<p>The data collection contains 6-year measurement data series (2014-2019) on CO2 concentration, tem...","13. Climate action,15. Life on land","Soil,soil respiration,soil air,soil temperature,soil water content,Fagus sylvatica,Pinus sylvestris,measurement,opendata,Boden,Germany,Brandenburg,Barnim,Ostprignitz-Ruppin",0.5569642782211304,,,0.18565475940704346
10.5061/dryad.gf1vhhmmd,f48d4271-8909-48b9-812e-3b083c5e0116,Thermodynamics of soil organic matter decomposition in semi-natural oak (Quercus) woodland in southwest Ireland,Soil respiration of a European beech and a Scots pine forest,Open AccessDSC are already corrected to the base line to be integrated to obtain the  heat of combus...,"<p>The data collection contains 6-year measurement data series (2014-2019) on CO2 concentration, tem...","13. Climate action,15. Life on land","Soil,soil respiration,soil air,soil temperature,soil water content,Fagus sylvatica,Pinus sylvestris,measurement,opendata,Boden,Germany,Brandenburg,Barnim,Ostprignitz-Ruppin",0.5569642782211304,,,0.18565475940704346
10.5061/dryad.gf1vhhmmd,f48d4271-8909-48b9-812e-3b083c5e0116,Thermodynamics of soil organic matter decomposition in semi-natural oak (Quercus) woodland in southwest Ireland,Soil respiration of a European beech and a Scots pine forest,Open AccessDSC are already corrected to the base line to be integrated to obtain the  heat of combus...,"<p>The data collection contains 6-year measurement data series (2014-2019) on CO2 concentration, tem...","13. Climate action,15. Life on land","Soil,soil respiration,soil air,soil temperature,soil water content,Fagus sylvatica,Pinus sylvestris,measurement,opendata,Boden,Germany,Brandenburg,Barnim,Ostprignitz-Ruppin",0.5569642782211304,,,0.18565475940704346
10.5061/dryad.gf1vhhmmd,10.1016/j.soilbio.2011.08.012,Thermodynamics of soil organic matter decomposition in semi-natural oak (Quercus) woodland in southwest Ireland,Roles Of Biotic And Abiotic Variables In Determining Spatial Variation Of Soil Respiration In Secondary Oak And Planted Pine Forests,Open AccessDSC are already corrected to the base line to be integrated to obtain the  heat of combus...,Abstract   Monoculture pine plantation (PP) was widely established after clear-cutting of natural fo...,"13. Climate action,15. Life on land","01050102 Sanitation/Water pollution,040103 agronomy & agriculture,0401 agriculture, forestry, and fisheries,04 agricultural and veterinary sciences,010501 environmental sciences,01 natural sciences,04010301 Horticulture/Soil,0105 earth and related environmental sciences",0.5542952418327332,,,0.18476508061091104
10.5061/dryad.gf1vhhmmd,10.1007/s13595-016-0547-4,Thermodynamics of soil organic matter decomposition in semi-natural oak (Quercus) woodland in southwest Ireland,Effects Of Experimental Warming On Soil Respiration And Biomass In Quercus Variabilis Blume And Pinus Densiflora Sieb. Et Zucc. Seedlings,Open AccessDSC are already corrected to the base line to be integrated to obtain the  heat of combus...,International audience; AbstractKey messageIn the open-field warming experiment using infrared heate...,"13. Climate action,15. Life on land","0106 biological sciences,soil temperature,[SDV]Life Sciences [q-bio],evergreen tree,soil water,Red pine,seedling,soil respiration,010603 evolutionary biology,01 natural sciences,experimental study,Pinus resinosa,Climate change,Pinus densiflora,seasonal variation,concentration (composition),Quercus variabilis,Oriental oak,carbon dioxide,Soil respiration,04 agricultural and veterinary sciences,air temperature,carbon flux,climate change,coniferous tree,phytomass,01060301 Forests/Habitats,040103 agronomy & agriculture,0401 agriculture, forestry, and fisheries,Experimental warming,soil moisture,deciduous tree,04010301 Horticulture/Soil",0.5533557534217834,,,0.18445191780726114
10.5061/dryad.gf1vhhmmd,10.5281/zenodo.8019215,Thermodynamics of soil organic matter decomposition in semi-natural oak (Quercus) woodland in southwest Ireland,Seasonal controls override forest harvesting effects on the composition of dissolved organic matter mobilized from boreal forest soil organic horizons,Open AccessDSC are already corrected to the base line to be integrated to obtain the  heat of combus...,"Dataset comprised of nutrient fluxes (DOC, TDN, NH4, TDN and SRP), optical parameters related to DOM...","13. Climate action,15. Life on land","optical properties,carbon to nitrogen,13. Climate action,nutrient flux,15. Life on land,Organic matter flux",0.5528736114501953,,,0.18429120381673178
10.5061/dryad.gf1vhhmmd,10.1007/s13595-013-0294-8,Thermodynamics of soil organic matter decomposition in semi-natural oak (Quercus) woodland in southwest Ireland,Responses Of Labile Soil Organic Carbon And Enzyme Activity In Mineral Soils To Forest Conversion In The Subtropics,Open AccessDSC are already corrected to the base line to be integrated to obtain the  heat of combus...,International audience,"13. Climate action,15. Life on land","[SDV.SA.SF]Life Sciences [q-bio]/Agricultural sciences/Silviculture, forestry,Soil enzyme,Land-use change,040103 agronomy & agriculture,0401 agriculture, forestry, and fisheries,Soil respiration,04 agricultural and veterinary sciences,Labile soil organic C,04010301 Horticulture/Soil,Tree species",0.5524120330810547,,,0.18413734436035156
10.5061/dryad.gf1vhhmmd,10.1016/j.soilbio.2016.10.016,Thermodynamics of soil organic matter decomposition in semi-natural oak (Quercus) woodland in southwest Ireland,"Repeated Application Of Organic Waste Affects Soil Organic Matter Composition: Evidence From Thermal Analysis, Ftir-Pas, Amino Sugars And Lignin Biomarkers",Open AccessDSC are already corrected to the base line to be integrated to obtain the  heat of combus...,Land application of organic waste is an important alternative to landfilling and incineration becaus...,"13. Climate action,15. Life on land","040103 agronomy & agriculture,0401 agriculture, forestry, and fisheries,04 agricultural and veterinary sciences,04010301 Horticulture/Soil",0.5522552728652954,,,0.18408509095509848
10.5061/dryad.gf1vhhmmd,10.1016/j.soilbio.2016.10.016,Thermodynamics of soil organic matter decomposition in semi-natural oak (Quercus) woodland in southwest Ireland,"Repeated Application Of Organic Waste Affects Soil Organic Matter Composition: Evidence From Thermal Analysis, Ftir-Pas, Amino Sugars And Lignin Biomarkers",Open AccessDSC are already corrected to the base line to be integrated to obtain the  heat of combus...,Land application of organic waste is an important alternative to landfilling and incineration becaus...,"13. Climate action,15. Life on land","040103 agronomy & agriculture,0401 agriculture, forestry, and fisheries,04 agricultural and veterinary sciences,04010301 Horticulture/Soil",0.5522552728652954,,,0.18408509095509848
10.5061/dryad.gf1vhhmmd,10.1093/treephys/25.6.701,Thermodynamics of soil organic matter decomposition in semi-natural oak (Quercus) woodland in southwest Ireland,Contrasting Net Primary Productivity And Carbon Distribution Between Neighboring Stands Of Quercus Robur And Pinus Sylvestris,Open AccessDSC are already corrected to the base line to be integrated to obtain the  heat of combus...,"Standing biomass, net primary production (NPP) and soil carbon (C) pools were studied in a 67-year-o...","13. Climate action,15. Life on land","0106 biological sciences,Quercus,Soil,Nitrogen,01060301 Forests/Habitats,Biomass,Pinus,010603 evolutionary biology,01 natural sciences,Carbon",0.5498908758163452,,,0.1832969586054484
10.5061/dryad.gf1vhhmmd,10.1016/j.still.2004.08.001,Thermodynamics of soil organic matter decomposition in semi-natural oak (Quercus) woodland in southwest Ireland,Land-Use Effects On Organic Matter And Physical Properties Of Soil In A Southern Mediterranean Highland Of Turkey,Open AccessDSC are already corrected to the base line to be integrated to obtain the  heat of combus...,Closed AccessForest and grassland soils in highlands of southern Mediterranean Turkey are being seri...,"13. Climate action,15. Life on land","Mediterranean highlands,Turkey,Soil physical properties,040103 agronomy & agriculture,0401 agriculture, forestry, and fisheries,Land uses,04 agricultural and veterinary sciences,Soil degradation,04010301 Horticulture/Soil",0.5488417148590088,,,0.18294723828633627
10.5061/dryad.gf1vhhmmd,10.1016/j.still.2004.08.001,Thermodynamics of soil organic matter decomposition in semi-natural oak (Quercus) woodland in southwest Ireland,Land-Use Effects On Organic Matter And Physical Properties Of Soil In A Southern Mediterranean Highland Of Turkey,Open AccessDSC are already corrected to the base line to be integrated to obtain the  heat of combus...,Closed AccessForest and grassland soils in highlands of southern Mediterranean Turkey are being seri...,"13. Climate action,15. Life on land","Mediterranean highlands,Turkey,Soil physical properties,040103 agronomy & agriculture,0401 agriculture, forestry, and fisheries,Land uses,04 agricultural and veterinary sciences,Soil degradation,04010301 Horticulture/Soil",0.5488417148590088,,,0.18294723828633627
10.5061/dryad.gf1vhhmmd,10.1111/j.1365-2389.2005.00707.x,Thermodynamics of soil organic matter decomposition in semi-natural oak (Quercus) woodland in southwest Ireland,Long-Term Changes In Organic Matter Of Woodland Soils Cleared For Arable Cropping In Zimbabwe,Open AccessDSC are already corrected to the base line to be integrated to obtain the  heat of combus...,Summary<p>Subsistence farmers in Africa depend largely on the soil organic matter to sustain crop pr...,"13. Climate action,15. Life on land","agroecosystems,04010302 Agroecology/Sustainable agriculture,c-13 natural-abundance,carbon dynamics,spodosols,04 agricultural and veterinary sciences,PE&RC,maize,stabilization,residues,Plant Production Systems,vegetation,Plantaardige Productiesystemen,040103 agronomy & agriculture,0401 agriculture, forestry, and fisheries,sandy soils,isotope",0.5477654933929443,,,0.1825884977976481
10.5061/dryad.gf1vhhmmd,10.1016/j.still.2009.02.007,Thermodynamics of soil organic matter decomposition in semi-natural oak (Quercus) woodland in southwest Ireland,Changes Of Soil Organic Carbon And Its Fractions In Relation To Soil Physical Properties In A Long-Term Fertilized Paddy,Open AccessDSC are already corrected to the base line to be integrated to obtain the  heat of combus...,Soil organic carbon (SOC) has an important role in improving soil quality and sustainable production...,"13. Climate action,15. Life on land","040103 agronomy & agriculture,0401 agriculture, forestry, and fisheries,04 agricultural and veterinary sciences,04010301 Horticulture/Soil",0.5474026799201965,,,0.18246755997339884
10.5061/dryad.gf1vhhmmd,10.1016/j.still.2009.02.007,Thermodynamics of soil organic matter decomposition in semi-natural oak (Quercus) woodland in southwest Ireland,Changes Of Soil Organic Carbon And Its Fractions In Relation To Soil Physical Properties In A Long-Term Fertilized Paddy,Open AccessDSC are already corrected to the base line to be integrated to obtain the  heat of combus...,Soil organic carbon (SOC) has an important role in improving soil quality and sustainable production...,"13. Climate action,15. Life on land","040103 agronomy & agriculture,0401 agriculture, forestry, and fisheries,04 agricultural and veterinary sciences,04010301 Horticulture/Soil",0.5474026799201965,,,0.18246755997339884
10.5061/dryad.gf1vhhmmd,10.1139/x2012-137,Thermodynamics of soil organic matter decomposition in semi-natural oak (Quercus) woodland in southwest Ireland,Post-Thinning Soil Organic Matter Evolution And Soil Co2 Effluxes In Temperate Radiata Pine Plantations: Impacts Of Moderate Thinning Regimes On The Forest C Cycle,Open AccessDSC are already corrected to the base line to be integrated to obtain the  heat of combus...,"<p> Forest ecosystems can act as C sinks, thus absorbing a high percentage of atmospheric CO2. Appro...","13. Climate action,15. Life on land","0106 biological sciences,01050408 Carbon cycle/Chemical oceanography,010504 meteorology & atmospheric sciences,01060301 Forests/Habitats,010603 evolutionary biology,01 natural sciences,0105 earth and related environmental sciences",0.5471562147140503,,,0.18238540490468344
10.5061/dryad.gf1vhhmmd,10.5061/dryad.zpc866t6r,Thermodynamics of soil organic matter decomposition in semi-natural oak (Quercus) woodland in southwest Ireland,Soil organic carbon accumulation modes between pioneer and old-growth forest ecosystems,Open AccessDSC are already corrected to the base line to be integrated to obtain the  heat of combus...,1. Increasing evidence suggests that high biomass and litterfall do not  necessarily bring about soi...,"13. Climate action,15. Life on land","intermediate product,soil organic carbon,13. Climate action,δ13C,litter quality,15. Life on land,C/N ratio",0.5471494197845459,,,0.18238313992818198
10.5061/dryad.gf1vhhmmd,10.1016/j.foreco.2015.07.019,Thermodynamics of soil organic matter decomposition in semi-natural oak (Quercus) woodland in southwest Ireland,"Response Of Soil Nutrient Content, Organic Matter Characteristics And Growth Of Pine And Spruce Seedlings To Logging Residues",Open AccessDSC are already corrected to the base line to be integrated to obtain the  heat of combus...,Abstract   The aim of this study was to determine the effects of different amounts of logging residu...,"13. Climate action,15. Life on land","0106 biological sciences,01060301 Forests/Habitats,010603 evolutionary biology,01 natural sciences",0.5463221073150635,,,0.18210736910502115
10.5061/dryad.gf1vhhmmd,10.1111/j.1365-2486.2008.01805.x,Thermodynamics of soil organic matter decomposition in semi-natural oak (Quercus) woodland in southwest Ireland,Soil Organic Matter Dynamics During 80 Years Of Reforestation Of Tropical Pastures,Open AccessDSC are already corrected to the base line to be integrated to obtain the  heat of combus...,Abstract<p>Our research takes advantage of a historical trend in natural reforestation of abandoned ...,"13. Climate action,15. Life on land","040103 agronomy & agriculture,0401 agriculture, forestry, and fisheries,04 agricultural and veterinary sciences,04010301 Horticulture/Soil",0.5459483861923218,,,0.18198279539744058
10.5061/dryad.gf1vhhmmd,10.1016/j.agrformet.2012.11.020,Thermodynamics of soil organic matter decomposition in semi-natural oak (Quercus) woodland in southwest Ireland,The Impact Of Changes In The Timing Of Precipitation On The Herbaceous Understorey Of Mediterranean Evergreen Oak Woodlands,Open AccessDSC are already corrected to the base line to be integrated to obtain the  heat of combus...,Submitted by Margarida Galamba (galamba@isa.utl.pt) on 2016-05-03T10:47:52Z No. of bitstreams: 1 REP...,"13. Climate action,15. Life on land","04010302 Agroecology/Sustainable agriculture,010504 meteorology & atmospheric sciences,Mediterranean Ecosystem,species composition,precipitation variability,04 agricultural and veterinary sciences,01 natural sciences,primary productivity,climate change,01050408 Carbon cycle/Chemical oceanography,herbaceous understorey,vegetation gas exchange,040103 agronomy & agriculture,0401 agriculture, forestry, and fisheries,0105 earth and related environmental sciences",0.543451189994812,,,0.18115039666493735
10.5061/dryad.gf1vhhmmd,10.1016/j.soilbio.2014.07.021,Thermodynamics of soil organic matter decomposition in semi-natural oak (Quercus) woodland in southwest Ireland,"Soil Organic Matter Degradation In An Agricultural Chronosequence Under Different Tillage Regimes Evaluated By Organic Matter Pools, Enzymatic Activities And Cpmas ¹³C Nmr",Open AccessDSC are already corrected to the base line to be integrated to obtain the  heat of combus...,Conservation agriculture (CA) is an important strategy to improve the quality of surface soils under...,"13. Climate action,15. Life on land","040103 agronomy & agriculture,0401 agriculture, forestry, and fisheries,04 agricultural and veterinary sciences,04010301 Horticulture/Soil",0.5426582098007202,,,0.1808860699335734
10.5061/dryad.gf1vhhmmd,10.1016/j.soilbio.2014.07.021,Thermodynamics of soil organic matter decomposition in semi-natural oak (Quercus) woodland in southwest Ireland,"Soil Organic Matter Degradation In An Agricultural Chronosequence Under Different Tillage Regimes Evaluated By Organic Matter Pools, Enzymatic Activities And Cpmas ¹³C Nmr",Open AccessDSC are already corrected to the base line to be integrated to obtain the  heat of combus...,Conservation agriculture (CA) is an important strategy to improve the quality of surface soils under...,"13. Climate action,15. Life on land","040103 agronomy & agriculture,0401 agriculture, forestry, and fisheries,04 agricultural and veterinary sciences,04010301 Horticulture/Soil",0.5426582098007202,,,0.1808860699335734
10.5061/dryad.gf1vhhmmd,10.1016/j.foreco.2005.05.061,Thermodynamics of soil organic matter decomposition in semi-natural oak (Quercus) woodland in southwest Ireland,Effects Of Soil Compaction And Forest Floor Removal On Soil Microbial Properties And N Transformations In A Boreal Forest Long-Term Soil Productivity Study,Open AccessDSC are already corrected to the base line to be integrated to obtain the  heat of combus...,Soil compaction and organic matter removal are two common disturbances caused by forest management p...,"13. Climate action,15. Life on land","040103 agronomy & agriculture,0401 agriculture, forestry, and fisheries,04 agricultural and veterinary sciences,15. Life on land,04010301 Horticulture/Soil",0.5392794013023376,,,0.17975980043411255
10.5061/dryad.gf1vhhmmd,10.1016/j.foreco.2011.12.031,Thermodynamics of soil organic matter decomposition in semi-natural oak (Quercus) woodland in southwest Ireland,"Heterotrophic Respiration And Nitrogen Mineralisation In Soils Of Norway Spruce, Scots Pine And Silver Birch Stands In Contrasting Climates",Open AccessDSC are already corrected to the base line to be integrated to obtain the  heat of combus...,Abstract   Different tree species are often associated with different soil properties. Earlier studi...,"13. Climate action,15. Life on land","0106 biological sciences,01060301 Forests/Habitats,QD,010603 evolutionary biology,01 natural sciences,SD",0.538444995880127,,,0.17948166529337564
10.5061/dryad.gf1vhhmmd,eusoils.jrc.ec.europa.eu/ESDB_Archive/eusoils_docs/other/ESF_OM7.zip,Thermodynamics of soil organic matter decomposition in semi-natural oak (Quercus) woodland in southwest Ireland,Organic matter in the soils of Europe: Present status and future trends.,Open AccessDSC are already corrected to the base line to be integrated to obtain the  heat of combus...,"RUSCO, E., JONES, R.J.A. and BIDOGLIO, G. (2001). EUR 20556 EN, 14pp. Office for Official Publicatio...","13. Climate action,15. Life on land",Scientific-Technical Reports,0.5381699800491333,,,0.1793899933497111
10.5061/dryad.gf1vhhmmd,eusoils.jrc.ec.europa.eu/ESDB_Archive/eusoils_docs/other/ESF_OM7.zip,Thermodynamics of soil organic matter decomposition in semi-natural oak (Quercus) woodland in southwest Ireland,Organic matter in the soils of Europe: Present status and future trends.,Open AccessDSC are already corrected to the base line to be integrated to obtain the  heat of combus...,"RUSCO, E., JONES, R.J.A. and BIDOGLIO, G. (2001). EUR 20556 EN, 14pp. Office for Official Publicatio...","13. Climate action,15. Life on land",Scientific-Technical Reports,0.5381699800491333,,,0.1793899933497111
10.5061/dryad.gf1vhhmmd,10.1016/j.geoderma.2016.07.002,Thermodynamics of soil organic matter decomposition in semi-natural oak (Quercus) woodland in southwest Ireland,Soil Carbon Changes After Establishing Woodland And Agroforestry Trees In A Grazed Pasture,Open AccessDSC are already corrected to the base line to be integrated to obtain the  heat of combus...,This study determined the effect of two tree planting methods (woodland and a silvopastoral agrofore...,"13. Climate action,15. Life on land","Carbon sequestration,04010302 Agroecology/Sustainable agriculture,Carbon time,040103 agronomy & agriculture,0401 agriculture, forestry, and fisheries,Forest,04 agricultural and veterinary sciences,Silvopasture,Grassland",0.5377627611160278,,,0.17925425370534262
10.5061/dryad.gf1vhhmmd,National-Soil-Database-of-Ireland,Thermodynamics of soil organic matter decomposition in semi-natural oak (Quercus) woodland in southwest Ireland,National Soil Database of Ireland,Open AccessDSC are already corrected to the base line to be integrated to obtain the  heat of combus...,Soil sampling to 10cm depth based upon an 10km gridded design.,"13. Climate action,15. Life on land","EJP Country survey,National,Country Stocktake,Ireland",0.534317135810852,,,0.17810571193695068
10.5061/dryad.gf1vhhmmd,National-Soil-Database-of-Ireland,Thermodynamics of soil organic matter decomposition in semi-natural oak (Quercus) woodland in southwest Ireland,National Soil Database of Ireland,Open AccessDSC are already corrected to the base line to be integrated to obtain the  heat of combus...,Soil sampling to 10cm depth based upon an 10km gridded design.,"13. Climate action,15. Life on land","EJP Country survey,National,Country Stocktake,Ireland",0.534317135810852,,,0.17810571193695068
10.5061/dryad.gf1vhhmmd,National-Soil-Database-of-Ireland,Thermodynamics of soil organic matter decomposition in semi-natural oak (Quercus) woodland in southwest Ireland,National Soil Database of Ireland,Open AccessDSC are already corrected to the base line to be integrated to obtain the  heat of combus...,Soil sampling to 10cm depth based upon an 10km gridded design.,"13. Climate action,15. Life on land","EJP Country survey,National,Country Stocktake,Ireland",0.534317135810852,,,0.17810571193695068
10.5061/dryad.gf1vhhmmd,National-Soil-Database-of-Ireland,Thermodynamics of soil organic matter decomposition in semi-natural oak (Quercus) woodland in southwest Ireland,National Soil Database of Ireland,Open AccessDSC are already corrected to the base line to be integrated to obtain the  heat of combus...,Soil sampling to 10cm depth based upon an 10km gridded design.,"13. Climate action,15. Life on land","EJP Country survey,National,Country Stocktake,Ireland",0.534317135810852,,,0.17810571193695068
10.5061/dryad.gf1vhhmmd,10.1023/b:biog.0000049341.37579.86,Thermodynamics of soil organic matter decomposition in semi-natural oak (Quercus) woodland in southwest Ireland,Long-Term Effects Of Elevated Nitrogen On Forest Soil Organic Matter Stability,Open AccessDSC are already corrected to the base line to be integrated to obtain the  heat of combus...,Nitrogen addition may alter the decomposition rate for different organic-matter pools in contrasting...,"13. Climate action,15. Life on land","040103 agronomy & agriculture,0401 agriculture, forestry, and fisheries,04 agricultural and veterinary sciences,04010301 Horticulture/Soil",0.5342453718185425,,,0.17808179060618082
10.5061/dryad.gf1vhhmmd,10.1007/s10021-008-9154-z,Thermodynamics of soil organic matter decomposition in semi-natural oak (Quercus) woodland in southwest Ireland,Reversibility Of Soil Productivity Decline With Organic Matter Of Differing Quality Along A Degradation Gradient,Open AccessDSC are already corrected to the base line to be integrated to obtain the  heat of combus...,Open AccessMetadata only record,"13. Climate action,15. Life on land","Soil nutrients,Soil management,Soil organic matter,Chronosequence,Sustainable agriculture,Green manure crops,04 agricultural and veterinary sciences,Soil fertility,Soil degradation,Soil productivity,Soil erosion,040103 agronomy & agriculture,0401 agriculture, forestry, and fisheries,Biochar addition,Clay concentration,Agroecosystems,Field Scale,04010301 Horticulture/Soil",0.5334196090698242,,,0.17780653635660806
10.5061/dryad.gf1vhhmmd,10.1016/j.foreco.2009.01.014,Thermodynamics of soil organic matter decomposition in semi-natural oak (Quercus) woodland in southwest Ireland,Increased Coniferous Needle Inputs Accelerate Decomposition Of Soil Carbon In An Old-Growth Forest,Open AccessDSC are already corrected to the base line to be integrated to obtain the  heat of combus...,"Abstract   Changes in temperature, precipitation, and atmospheric carbon dioxide (CO2) concentration...","13. Climate action,15. Life on land","01050408 Carbon cycle/Chemical oceanography,010504 meteorology & atmospheric sciences,040103 agronomy & agriculture,0401 agriculture, forestry, and fisheries,04 agricultural and veterinary sciences,01 natural sciences,04010301 Horticulture/Soil,0105 earth and related environmental sciences",0.5330027341842651,,,0.17766757806142172
10.5061/dryad.gf1vhhmmd,77db6b6e4871a14674fd39ade4b49ee1,Thermodynamics of soil organic matter decomposition in semi-natural oak (Quercus) woodland in southwest Ireland,The Soils of the Forest Areas.,Open AccessDSC are already corrected to the base line to be integrated to obtain the  heat of combus...,,"13. Climate action,15. Life on land","Africa,Cameroon,En,Maps,Maps & Documents,National Soil Maps (EUDASM)",0.5327047109603882,,,0.17756823698679605
10.5061/dryad.gf1vhhmmd,10.1111/j.1365-2486.2005.01001.x,Thermodynamics of soil organic matter decomposition in semi-natural oak (Quercus) woodland in southwest Ireland,Soil Organic Matter And Litter Chemistry Response To Experimental N Deposition In Northern Temperate Deciduous Forest Ecosystems,Open AccessDSC are already corrected to the base line to be integrated to obtain the  heat of combus...,Abstract<p>The effects of atmospheric nitrogen (N) deposition on organic matter decomposition vary w...,"13. Climate action,15. Life on land","040103 agronomy & agriculture,0401 agriculture, forestry, and fisheries,04 agricultural and veterinary sciences,04010301 Horticulture/Soil",0.5323023796081543,,,0.17743412653605142
10.5061/dryad.gf1vhhmmd,10.1016/j.agee.2006.05.022,Thermodynamics of soil organic matter decomposition in semi-natural oak (Quercus) woodland in southwest Ireland,Soil Organic Matter And Biological Soil Quality Indicators After 21 Years Of Organic And Conventional Farming,Open AccessDSC are already corrected to the base line to be integrated to obtain the  heat of combus...,"Organic farming systems often comprise crops and livestock, recycle farmyard manure for fertilizatio...","13. Climate action,15. Life on land","Biodiversity and ecosystem services,040103 agronomy & agriculture,0401 agriculture, forestry, and fisheries,04 agricultural and veterinary sciences,Soil quality,04010301 Horticulture/Soil",0.5313128232955933,,,0.1771042744318644
10.5061/dryad.gf1vhhmmd,10.1016/j.eja.2003.10.006,Thermodynamics of soil organic matter decomposition in semi-natural oak (Quercus) woodland in southwest Ireland,Soil Organic Matter Properties After 40 Years Of Different Use Of Organic And Mineral Fertilisers,Open AccessDSC are already corrected to the base line to be integrated to obtain the  heat of combus...,Abstract   Organic inputs can help maintain soil fertility by improving chemical and biological soil...,"13. Climate action,15. Life on land","04010302 Agroecology/Sustainable agriculture,Sustainability,Fertilisation; Humus; Long-term experiments; Organic matter; Sustainability,Long-term experiments,040103 agronomy & agriculture,0401 agriculture, forestry, and fisheries,Organic matter,04 agricultural and veterinary sciences,Fertilisation,Humus",0.5291873812675476,,,0.1763957937558492
10.5061/dryad.gf1vhhmmd,10.1111/j.1365-2389.2012.01426.x,Thermodynamics of soil organic matter decomposition in semi-natural oak (Quercus) woodland in southwest Ireland,Modifications Of Organic Matter And Enzymatic Activities In Response To Change In Soil Use In Semi-Arid Mountain Ecosystems (Southern Spain),Open AccessDSC are already corrected to the base line to be integrated to obtain the  heat of combus...,<p>Soil organic matter composition and biochemical properties were determined in mountain calcimorph...,"13. Climate action,15. Life on land","040103 agronomy & agriculture,0401 agriculture, forestry, and fisheries,04 agricultural and veterinary sciences,04010301 Horticulture/Soil",0.529151201248169,,,0.17638373374938965
10.5061/dryad.gf1vhhmmd,10.5281/zenodo.14968843,Thermodynamics of soil organic matter decomposition in semi-natural oak (Quercus) woodland in southwest Ireland,Appendix: Organic soil carbon balance in drained and undrained hemiboreal forests,Open AccessDSC are already corrected to the base line to be integrated to obtain the  heat of combus...,The dataset utilized for carbon balance estimations published in the article 'Organic soil carbon ba...,"13. Climate action,15. Life on land",,0.5291187763214111,,,0.17637292544047037
10.5061/dryad.gf1vhhmmd,10.5281/zenodo.14968843,Thermodynamics of soil organic matter decomposition in semi-natural oak (Quercus) woodland in southwest Ireland,Appendix: Organic soil carbon balance in drained and undrained hemiboreal forests,Open AccessDSC are already corrected to the base line to be integrated to obtain the  heat of combus...,The dataset utilized for carbon balance estimations published in the article 'Organic soil carbon ba...,"13. Climate action,15. Life on land",,0.5291187763214111,,,0.17637292544047037
10.5061/dryad.gf1vhhmmd,10.1016/j.soilbio.2012.03.014,Thermodynamics of soil organic matter decomposition in semi-natural oak (Quercus) woodland in southwest Ireland,"Stand Age, Fire And Clearcutting Affect Soil Organic Carbon And Aggregation Of Mineral Soils In Boreal Forests",Open AccessDSC are already corrected to the base line to be integrated to obtain the  heat of combus...,Abstract   Soil organic carbon (SOC) in mineral soil accounts for a large portion of total ecosystem...,"13. Climate action,15. Life on land","040103 agronomy & agriculture,0401 agriculture, forestry, and fisheries,04 agricultural and veterinary sciences,04010301 Horticulture/Soil",0.5282357335090637,,,0.17607857783635458
10.5061/dryad.gf1vhhmmd,10.1111/j.1438-8677.2012.00627.x,Thermodynamics of soil organic matter decomposition in semi-natural oak (Quercus) woodland in southwest Ireland,Physiological And Biochemical Responses Ofquercus Pubescensto Air Warming And Drought On Acidic And Calcareous Soils,Open AccessDSC are already corrected to the base line to be integrated to obtain the  heat of combus...,"Abstract<p>The drought￢ﾀﾐ and thermo￢ﾀﾐtolerant Quercus pubescens, a tree species growing on both ac...","13. Climate action,15. Life on land","0106 biological sciences,0301 basic medicine,Hot Temperature,Climate,Ribulose-Bisphosphate Carboxylase,BIO/04 - FISIOLOGIA VEGETALE,Light-Harvesting Protein Complexes,Down-Regulation,gas exchange,chlorophyll a fluorescence,Global Warming,01 natural sciences,Antioxidants,Quercus,Soil,03 medical and health sciences,Antioxidant enzyme; ascorbate-glutathione cycle; chlorophyll a fluorescence; gas exchange; oak,Stress, Physiological,oak,Photosynthesis,Ecosystem,ascorbate-glutathione cycle,Antioxidant enzyme; ascorbate-glutathione cycle; chlorophyll a fluorescence; gas exchange; oak.,Air,Antioxidant enzyme,Water,01060605 Seeds/Plant reproduction,Hydrogen-Ion Concentration,Adaptation, Physiological,Droughts,Oxidative Stress,030104 developmental biology,Plant Stomata,010606 plant biology & botany",0.5281375646591187,,,0.1760458548863729
10.5061/dryad.gf1vhhmmd,10.1016/j.soilbio.2008.09.016,Thermodynamics of soil organic matter decomposition in semi-natural oak (Quercus) woodland in southwest Ireland,Priming Depletes Soil Carbon And Releases Nitrogen In A Scrub-Oak Ecosystem Exposed To Elevated Co2,Open AccessDSC are already corrected to the base line to be integrated to obtain the  heat of combus...,"Abstract   Elevated atmospheric CO 2  tends to stimulate plant productivity, which could either stim...","13. Climate action,15. Life on land","01050408 Carbon cycle/Chemical oceanography,010504 meteorology & atmospheric sciences,040103 agronomy & agriculture,0401 agriculture, forestry, and fisheries,04 agricultural and veterinary sciences,01 natural sciences,04010301 Horticulture/Soil,0105 earth and related environmental sciences",0.5271046161651611,,,0.17570153872172037
10.5061/dryad.gf1vhhmmd,10.1029/2002gb001990,Thermodynamics of soil organic matter decomposition in semi-natural oak (Quercus) woodland in southwest Ireland,Expansion Of Juniperus Virginiana L. In The Great Plains: Changes In Soil Organic Carbon Dynamics,Open AccessDSC are already corrected to the base line to be integrated to obtain the  heat of combus...,<p>Woody encroachment byJuniperus virginianainto Great Plains grasslands allowed us to answer: Does ...,"13. Climate action,15. Life on land","040103 agronomy & agriculture,0401 agriculture, forestry, and fisheries,04 agricultural and veterinary sciences,04010301 Horticulture/Soil",0.5266008377075195,,,0.1755336125691732
10.5061/dryad.gf1vhhmmd,10.1016/j.jaridenv.2004.03.002,Thermodynamics of soil organic matter decomposition in semi-natural oak (Quercus) woodland in southwest Ireland,"Changes In Soil Organic Carbon And Other Physical Soil Properties Along Adjacent Mediterranean Forest, Grassland, And Cropland Ecosystems In Turkey",Open AccessDSC are already corrected to the base line to be integrated to obtain the  heat of combus...,"Closed AccessCultivation, overgrazing, and overharvesting are seriously degrading forest and grassla...","13. Climate action,15. Life on land","Land cover,Mediterranean plateau,Soil organic carbon,Land use,040103 agronomy & agriculture,0401 agriculture, forestry, and fisheries,04 agricultural and veterinary sciences,04010301 Horticulture/Soil,Environmental degradation",0.5262088775634766,,,0.17540295918782553
10.5061/dryad.gf1vhhmmd,10.1046/j.1365-2486.2002.00547.x,Thermodynamics of soil organic matter decomposition in semi-natural oak (Quercus) woodland in southwest Ireland,"Site And Temporal Variation Of Soil Respiration In European Beech, Norway Spruce, And Scots Pine Forests",Open AccessDSC are already corrected to the base line to be integrated to obtain the  heat of combus...,Abstract<p>Global warming and changes in rainfall amount and distribution may affect soil respiratio...,"13. Climate action,15. Life on land","01050408 Carbon cycle/Chemical oceanography,010504 meteorology & atmospheric sciences,040103 agronomy & agriculture,0401 agriculture, forestry, and fisheries,04 agricultural and veterinary sciences,01 natural sciences,04010301 Horticulture/Soil,0105 earth and related environmental sciences",0.5259554982185364,,,0.1753184994061788
10.5061/dryad.gf1vhhmmd,10.1016/j.jaridenv.2005.12.002,Thermodynamics of soil organic matter decomposition in semi-natural oak (Quercus) woodland in southwest Ireland,Physical And Chemical Properties Of Soils Under Some Piñon-Juniper-Oak Canopies In A Semi-Arid Ecosystem In New Mexico,Open AccessDSC are already corrected to the base line to be integrated to obtain the  heat of combus...,Abstract   Pinon ( Pinus edulis )-juniper ( Juniperus monosperma )-ecosystems increased substantiall...,"13. Climate action,15. Life on land","010601 ecology,0106 biological sciences,04010303 Forests/Ecosystems,040103 agronomy & agriculture,0401 agriculture, forestry, and fisheries,04 agricultural and veterinary sciences,01 natural sciences",0.5259429812431335,,,0.17531432708104452
10.5061/dryad.gf1vhhmmd,10.5194/essd-12-1511-2020,Thermodynamics of soil organic matter decomposition in semi-natural oak (Quercus) woodland in southwest Ireland,"Decomposability of soil organic matter over time: the Soil Incubation Database (SIDb, version 1.0) and guidance for incubation procedures",Open AccessDSC are already corrected to the base line to be integrated to obtain the  heat of combus...,<p>Abstract. The magnitude of carbon (C) loss to the atmosphere via microbial decomposition is a fun...,"13. Climate action,15. Life on land","Environmental sciences,QE1-996.5,0401 agriculture, forestry, and fisheries,Geology,GE1-350,04 agricultural and veterinary sciences",0.5259308815002441,,,0.1753102938334147
10.5061/dryad.gf1vhhmmd,10.1016/j.foreco.2008.09.015,Thermodynamics of soil organic matter decomposition in semi-natural oak (Quercus) woodland in southwest Ireland,Looking Deeper: An Investigation Of Soil Carbon Losses Following Harvesting From A Managed Northeastern Red Spruce (Picea Rubens Sarg.) Forest Chronosequence,Open AccessDSC are already corrected to the base line to be integrated to obtain the  heat of combus...,Forest harvesting in eastern North America has been occurring for centuries but its effect on soil c...,"13. Climate action,15. Life on land","0106 biological sciences,01060301 Forests/Habitats,040103 agronomy & agriculture,0401 agriculture, forestry, and fisheries,04 agricultural and veterinary sciences,010603 evolutionary biology,01 natural sciences",0.5257316827774048,,,0.17524389425913492
10.5061/dryad.gf1vhhmmd,10.5194/bg-13-2367-2016,Thermodynamics of soil organic matter decomposition in semi-natural oak (Quercus) woodland in southwest Ireland,Effects Of Management Thinning On Co2 Exchange By A Plantation Oak Woodland In South-Eastern England,Open AccessDSC are already corrected to the base line to be integrated to obtain the  heat of combus...,"<p>Abstract. Forest thinning, which removes some individual trees from a forest stand at intermediat...","13. Climate action,15. Life on land","0106 biological sciences,QE1-996.5,Ecology,010504 meteorology & atmospheric sciences,lcsh:QE1-996.5,lcsh:Life,Geology,010603 evolutionary biology,01 natural sciences,lcsh:Geology,lcsh:QH501-531,01050408 Carbon cycle/Chemical oceanography,Life,QH501-531,lcsh:QH540-549.5,01060301 Forests/Habitats,lcsh:Ecology,QH540-549.5,0105 earth and related environmental sciences",0.5254620313644409,,,0.17515401045481363
10.5061/dryad.gf1vhhmmd,10.1016/j.foreco.2006.08.331,Thermodynamics of soil organic matter decomposition in semi-natural oak (Quercus) woodland in southwest Ireland,Soil Organic Carbon Dynamics Following Afforestation Of Degraded Pastures With Eucalyptus In Southeastern Brazil,Open AccessDSC are already corrected to the base line to be integrated to obtain the  heat of combus...,"Abstract   Afforestation of degraded pastures can potentially enhance carbon sequestration, but litt...","13. Climate action,15. Life on land","040103 agronomy & agriculture,0401 agriculture, forestry, and fisheries,04 agricultural and veterinary sciences,04010301 Horticulture/Soil",0.5251988172531128,,,0.17506627241770426
10.5061/dryad.gf1vhhmmd,10.5281/zenodo.1310924,Thermodynamics of soil organic matter decomposition in semi-natural oak (Quercus) woodland in southwest Ireland,N2O raw data from static greenhouse gas chamber measurements,Open AccessDSC are already corrected to the base line to be integrated to obtain the  heat of combus...,Open AccessThis dataset contains N<sub>2</sub>O concentration measurements of a 2 years measurement ...,"13. Climate action,15. Life on land","2. Zero hunger,Nitrous oxide,static chamber measurement,13. Climate action,gasfluxes,12. Responsible consumption",,0.44844523072242737,,0.14948174357414246
10.5061/dryad.gf1vhhmmd,10.1016/j.foreco.2016.07.038,Thermodynamics of soil organic matter decomposition in semi-natural oak (Quercus) woodland in southwest Ireland,"Forest Conversion Impacts On The Fine And Coarse Root System, And Soil Organic Matter In Tropical Lowlands Of Sumatera (Indonesia)",Open AccessDSC are already corrected to the base line to be integrated to obtain the  heat of combus...,Open AccessGerman Research Foundation (DFG); [CRC 990],"13. Climate action,15. Life on land","sfb990_journalarticles,sfb990_abs,040103 agronomy & agriculture,0401 agriculture, forestry, and fisheries,04 agricultural and veterinary sciences,04010301 Horticulture/Soil",,0.4374561905860901,,0.14581873019536337
10.5061/dryad.gf1vhhmmd,10.7910/DVN/GM2YV0,Thermodynamics of soil organic matter decomposition in semi-natural oak (Quercus) woodland in southwest Ireland,"Soil properties of 40 farmer fields in Haleku Gulenta and Dodicha kebeles of Adamitullu woreda, Ethiopia",Open AccessDSC are already corrected to the base line to be integrated to obtain the  heat of combus...,"Open AccessSOil analysis was conducted by JIJE analytical testing service laboratory, POBox 70077, A...","13. Climate action,15. Life on land",Earth and Environmental Sciences,,0.4351266026496887,,0.14504220088322958
10.5061/dryad.gf1vhhmmd,10.1016/j.atmosenv.2012.06.018,Thermodynamics of soil organic matter decomposition in semi-natural oak (Quercus) woodland in southwest Ireland,Nox And N2o Fluxes In A Nitrogen-Enriched European Spruce Forest Soil Under Experimental Long-Term Reduction Of Nitrogen Depositions,Open AccessDSC are already corrected to the base line to be integrated to obtain the  heat of combus...,Open AccessGerman Research Foundation [BR 1524/6-1],"13. Climate action,15. Life on land","01050102 Sanitation/Water pollution,01050408 Carbon cycle/Chemical oceanography,010504 meteorology & atmospheric sciences,15. Life on land,010501 environmental sciences,01 natural sciences,0105 earth and related environmental sciences",,0.41359663009643555,,0.13786554336547852
10.5061/dryad.gf1vhhmmd,10.5281/zenodo.2585890,Thermodynamics of soil organic matter decomposition in semi-natural oak (Quercus) woodland in southwest Ireland,"Each soil deserves a name: Unnamed soils, lost opportunities",Open AccessDSC are already corrected to the base line to be integrated to obtain the  heat of combus...,"Open AccessThis dataset refers to the Viewpoint published in  Environ. Sci. Technol., doi: 10.1021/a...","13. Climate action,15. Life on land","World Reference Base for Soil Resources,classification,mySOIL,SoilWeb,SoilGrids,soil classification,WRB,15. Life on land,USDA Soil Taxonomy",,0.40205320715904236,,0.1340177357196808
10.5061/dryad.gf1vhhmmd,10.5281/zenodo.2585890,Thermodynamics of soil organic matter decomposition in semi-natural oak (Quercus) woodland in southwest Ireland,"Each soil deserves a name: Unnamed soils, lost opportunities",Open AccessDSC are already corrected to the base line to be integrated to obtain the  heat of combus...,"Open AccessThis dataset refers to the Viewpoint published in  Environ. Sci. Technol., doi: 10.1021/a...","13. Climate action,15. Life on land","World Reference Base for Soil Resources,classification,mySOIL,SoilWeb,SoilGrids,soil classification,WRB,15. Life on land,USDA Soil Taxonomy",,0.40205320715904236,,0.1340177357196808
10.5061/dryad.gf1vhhmmd,10.6071/M3MX1B,Thermodynamics of soil organic matter decomposition in semi-natural oak (Quercus) woodland in southwest Ireland,Data for: Biochar co-compost improves nitrogen retention and reduces carbon emissions in a winter wheat cropping system,Open AccessDSC are already corrected to the base line to be integrated to obtain the  heat of combus...,Open AccessThis data file includes five datasets: The first dataset describes soil  available nitrog...,"13. Climate action,15. Life on land","2. Zero hunger,dairy manure management,soil health,13. Climate action,11. Sustainability,Biochar co-compost,soil greenhouse gas,FOS: Earth and related environmental sciences,15. Life on land,nitrogen leaching,6. Clean water,12. Responsible consumption,climate change mitigation",,0.3990219533443451,,0.13300731778144836
10.5061/dryad.gf1vhhmmd,10.5281/zenodo.11188379,Thermodynamics of soil organic matter decomposition in semi-natural oak (Quercus) woodland in southwest Ireland,"Paired Vegetation and Soil Burn Severity Metrics and Associated Climate, Weather, Topographical, and Land Cover Attributes",Open AccessDSC are already corrected to the base line to be integrated to obtain the  heat of combus...,Open AccessThis dataset pairs differenced Normalized Burn Ratio (dNBR) and soil burn severity (SBS) ...,"13. Climate action,15. Life on land","Remote Sensing,Soil Burn Severity Metrics,13. Climate action,Vegetation Burn Severity,Climate,DEM,15. Life on land,Wildfire,Sentinel-2,Fire,Land Cover,Weather,Landsat",,0.39579451084136963,,0.13193150361378989
10.5061/dryad.gf1vhhmmd,10.5061/dryad.ts80c92,Thermodynamics of soil organic matter decomposition in semi-natural oak (Quercus) woodland in southwest Ireland,Data from: Grazer effects on soil carbon storage vary by herbivore assemblage in a semi-arid grassland,Open AccessDSC are already corrected to the base line to be integrated to obtain the  heat of combus...,Open AccessData for JAPPL-2017-01013.R1,"13. Climate action,15. Life on land","2. Zero hunger,soil organic carbon,13. Climate action,carbon cycle,grassland management,Carbon cycle,livestock grazing,15. Life on land,plant diversity",,0.38913142681121826,,0.1297104756037394
10.5061/dryad.gf1vhhmmd,10.5061/dryad.k98sf7m9c,Thermodynamics of soil organic matter decomposition in semi-natural oak (Quercus) woodland in southwest Ireland,Supplementary materials: Indirect effects of trophic interactions govern carbon circulation in two beech forest soil ecosystems,Open AccessDSC are already corrected to the base line to be integrated to obtain the  heat of combus...,Open AccessWe used R to perform the analysis.,"13. Climate action,15. Life on land","mass-balance models,Carbon flows,ecosystem stability,Soil food webs,FOS: Biological sciences,transfer efficiency,Network analysis,15. Life on land,micro-arthropods trophic groups,indirect effects",,0.38723719120025635,,0.1290790637334188
10.5061/dryad.gf1vhhmmd,10.5061/dryad.kd51c5b7v,Thermodynamics of soil organic matter decomposition in semi-natural oak (Quercus) woodland in southwest Ireland,Data from: Loamy sand soil approaches organic carbon saturation after 37 years of conservation tillage,Open AccessDSC are already corrected to the base line to be integrated to obtain the  heat of combus...,Open AccessDescriptions corresponding to each data table and figure in the manuscript  are placed on...,"13. Climate action,15. Life on land","2. Zero hunger,soil organic carbon,organic carbon,FOS: Agricultural sciences,conservation tillage,conventional tillage,15. Life on land,Total nitrogen",,0.3843890428543091,,0.12812968095143637
10.5061/dryad.gf1vhhmmd,810b683e-f8b2-435e-a7c3-a7f3e97bf32a,Thermodynamics of soil organic matter decomposition in semi-natural oak (Quercus) woodland in southwest Ireland,INSPIRE Soil / Medium Thermal Conductivity BB,Open AccessDSC are already corrected to the base line to be integrated to obtain the  heat of combus...,Der interoperable INSPIRE-Datensatz beinhaltet Daten vom LBGR über die mittlere Wärmeleitfähigkeit B...,"13. Climate action,15. Life on land","inspireidentifiziert,opendata,interoperabel,Wärmeleitfähigkeit,interoperability,DerivedSoilProfile,depthInterval,Oberboden,Brandenburg,SoilDerivedObject,OM_Observation,SoilLayer,Bodenkunde,Soil,Geologie,interoperable Daten,thermalConductivityFieldCapacity,Process,thermalConductivityDifference,bboxbebb,Mittlere Wärmeleitfähigkeit Brandenburg,thermalConductivityWiltingPoint,Bodenschutz,Regional,Boden,Erdbeobachtung und Umwelt",,0.38241440057754517,,0.12747146685918173
10.5061/dryad.gf1vhhmmd,10.5281/zenodo.5592751,Thermodynamics of soil organic matter decomposition in semi-natural oak (Quercus) woodland in southwest Ireland,Simulated terrestrial biosphere variables across Termination V (iLOVECLIM model),Open AccessDSC are already corrected to the base line to be integrated to obtain the  heat of combus...,The following files contain output data from the 32-kyr iLOVECLIM simulation covering Termination V:...,"13. Climate action,15. Life on land","Deglaciation,Vegetation,13. Climate action,MIS 11,Carbon cycle,15. Life on land,Climate model,Termination V",,0.376491516828537,,0.125497172276179
10.5061/dryad.gf1vhhmmd,10.5281/zenodo.5592751,Thermodynamics of soil organic matter decomposition in semi-natural oak (Quercus) woodland in southwest Ireland,Simulated terrestrial biosphere variables across Termination V (iLOVECLIM model),Open AccessDSC are already corrected to the base line to be integrated to obtain the  heat of combus...,The following files contain output data from the 32-kyr iLOVECLIM simulation covering Termination V:...,"13. Climate action,15. Life on land","Deglaciation,Vegetation,13. Climate action,MIS 11,Carbon cycle,15. Life on land,Climate model,Termination V",,0.376491516828537,,0.125497172276179
10.5061/dryad.gf1vhhmmd,10.7910/DVN/6COWHJ,Thermodynamics of soil organic matter decomposition in semi-natural oak (Quercus) woodland in southwest Ireland,"Harvard EPA-ACE Center GEOS-Chem Model Output, 2000-2017",Open AccessDSC are already corrected to the base line to be integrated to obtain the  heat of combus...,Open AccessThis dataset contains North American surface and vertical air quality outputs from the GE...,"13. Climate action,15. Life on land","13. Climate action,Earth and Environmental Sciences,7. Clean energy",,0.37577706575393677,,0.1252590219179789
10.5061/dryad.gf1vhhmmd,10.7910/DVN/U5DAEP,Thermodynamics of soil organic matter decomposition in semi-natural oak (Quercus) woodland in southwest Ireland,An Available Water Capacity Pedotransfer Function using Random Forest - 2020 Cornell Soil Health Model,Open AccessDSC are already corrected to the base line to be integrated to obtain the  heat of combus...,"Open AccessDataset was compiled from 7,232 samples run through the Cornell Soil Health Laboratory be...","13. Climate action,15. Life on land","AWC,Random Forest,Soil Health Indicator,Available Water Capacity,Agricultural Sciences,Permanent Wilting Point,Field Capacity",,0.36969494819641113,,0.12323164939880371
10.5061/dryad.gf1vhhmmd,10.5281/zenodo.2784012,Thermodynamics of soil organic matter decomposition in semi-natural oak (Quercus) woodland in southwest Ireland,Database with GRTS sampling design used for the C-Mon project.,Open AccessDSC are already corrected to the base line to be integrated to obtain the  heat of combus...,Open AccessA SQLite database holding a realisation of a GRTS design using the principles of Reverse ...,"13. Climate action,15. Life on land","GRTS,sampling design,15. Life on land",,0.36832088232040405,,0.12277362744013469
10.5061/dryad.gf1vhhmmd,10.5281/zenodo.2784012,Thermodynamics of soil organic matter decomposition in semi-natural oak (Quercus) woodland in southwest Ireland,Database with GRTS sampling design used for the C-Mon project.,Open AccessDSC are already corrected to the base line to be integrated to obtain the  heat of combus...,Open AccessA SQLite database holding a realisation of a GRTS design using the principles of Reverse ...,"13. Climate action,15. Life on land","GRTS,sampling design,15. Life on land",,0.36832088232040405,,0.12277362744013469
10.5061/dryad.gf1vhhmmd,10.5061/dryad.m63xsj45g,Thermodynamics of soil organic matter decomposition in semi-natural oak (Quercus) woodland in southwest Ireland,Plant litter chemistry controls coarse-textured soil carbon dynamics,Open AccessDSC are already corrected to the base line to be integrated to obtain the  heat of combus...,Open AccessData collection is described in the corresponding article; the archieved  data (except fo...,"13. Climate action,15. Life on land","2. Zero hunger,Decomposition,decomposition,Ecosystem function and services,plant litter,13. Climate action,soil organic matter,soil carbon storage,carbon cycle,Carbon cycle,FOS: Earth and related environmental sciences,15. Life on land,Priming effect",,0.36821505427360535,,0.12273835142453511
10.5061/dryad.gf1vhhmmd,www.nature.com/articles/s41561-022-00945-y,Thermodynamics of soil organic matter decomposition in semi-natural oak (Quercus) woodland in southwest Ireland,Author Correction: Different climate sensitivity of particulate and mineral-associated soil organic matter,Open AccessDSC are already corrected to the base line to be integrated to obtain the  heat of combus...,"In the version of this article originally published, there was a plotting error in the presentation ...","13. Climate action,15. Life on land","Documents,Maps & Documents,Publications in Journals",,0.3666214644908905,,0.12220715483029683
10.5061/dryad.gf1vhhmmd,10.5061/dryad.jk939fc,Thermodynamics of soil organic matter decomposition in semi-natural oak (Quercus) woodland in southwest Ireland,Data from: Dynamics of deep soil carbon - insights from 14C time series across a climatic gradient,Open AccessDSC are already corrected to the base line to be integrated to obtain the  heat of combus...,Open AccessData_and_code_Van_der_Voort_et_al_2019_BiogeosciencesThis zip file  contains all the code...,"13. Climate action,15. Life on land","2. Zero hunger,Soil science,soil organic carbon,1994-2014,13. Climate action,Soil Science,15. Life on land,time series,Biogeosciences,Radiocarbon",,0.36564940214157104,,0.12188313404719035
10.5061/dryad.gf1vhhmmd,10.1016/j.fuel.2018.09.065,Thermodynamics of soil organic matter decomposition in semi-natural oak (Quercus) woodland in southwest Ireland,"A computational model to simulate self-heating ignition across scales, configurations, and coal origins",Open AccessDSC are already corrected to the base line to be integrated to obtain the  heat of combus...,Abstract   Self-heating of fuel layers can trigger ignition when the temperature of the surroundings...,"13. Climate action,15. Life on land","Technology,Engineering, Chemical,Science & Technology,Energy,Energy & Fuels,LOW-TEMPERATURE OXIDATION,PYROLYSIS,0306 Physical Chemistry (Incl. Structural),Hot plate,THERMAL IGNITION,DUST LAYERS,LIGNITE,0904 Chemical Engineering,Chemical,Ignition,BIOMASS,HOT SURFACE,Engineering,Coal,Self-heating,KINETIC-PARAMETERS,Oven-basket,BEHAVIOR,SMOLDERING COMBUSTION,0913 Mechanical Engineering",,0.36250004172325134,,0.12083334724108379
10.5061/dryad.gf1vhhmmd,10.1016/j.scienta.2009.06.030,Thermodynamics of soil organic matter decomposition in semi-natural oak (Quercus) woodland in southwest Ireland,Regulated Deficit Irrigation In Potted Dianthus Plants: Effects Of Severe And Moderate Water Stress On Growth And Physiological Responses,Open AccessDSC are already corrected to the base line to be integrated to obtain the  heat of combus...,Open AccessThis work was supported by CICYT projects AGL 2005-05588-C02-1 and AGL 2005-05588-C02-2 a...,"13. Climate action,15. Life on land","0106 biological sciences,Potted floricultural crops,01060601 Agronomy/Crops,Stomatal conductance,04010304 Weeds/Agricultural pests,04 agricultural and veterinary sciences,15. Life on land,01 natural sciences,Regulated deficit irrigation,Ornamental quality,Water relations,040103 agronomy & agriculture,0401 agriculture, forestry, and fisheries,010606 plant biology & botany",,0.3615782856941223,,0.1205260952313741
10.5061/dryad.gf1vhhmmd,10.7910/DVN/JICQYF,Thermodynamics of soil organic matter decomposition in semi-natural oak (Quercus) woodland in southwest Ireland,"Replication Data for: Organic carbon and Ca-carbonate detections in Soils of the Northern Plains, Mars: Evaluation of unpublished data interpretations from the Mars Phoenix Scout’s, Thermal Evolved Gas Analyzer (TEGA).",Open AccessDSC are already corrected to the base line to be integrated to obtain the  heat of combus...,This dataset consists of files containing the 2008 Phoenix Lander's Thermal Evolved Gas Analysis dat...,"13. Climate action,15. Life on land",Other,,0.36018532514572144,,0.12006177504857381
10.5061/dryad.gf1vhhmmd,1feedb4a-90e4-4edd-b105-970b1c4bf12f,Thermodynamics of soil organic matter decomposition in semi-natural oak (Quercus) woodland in southwest Ireland,"Evaporation (K3, Karnataka, India - Monthly - 250m)",Open AccessDSC are already corrected to the base line to be integrated to obtain the  heat of combus...,Evaporation calculated for the Ghataprabha (K3) sub-basin area. Evaporation (e) is one of the three ...,"13. Climate action,15. Life on land","Evaporation,Water Accounting,ADB,Monthly,Ghataprabha sub-basin,K3 sub-basin,Krishna river basin,Karnataka,India",,0.35993456840515137,,0.11997818946838379
10.5061/dryad.gf1vhhmmd,10.5061/dryad.qnk98sfn7,Thermodynamics of soil organic matter decomposition in semi-natural oak (Quercus) woodland in southwest Ireland,"Grazing in a megagrazer-dominated savanna does not reduce soil carbon stocks, even at high intensities",Open AccessDSC are already corrected to the base line to be integrated to obtain the  heat of combus...,Open AccessThis dataset consists of two documents: 1) data_hyvarinen_et.al_oikos.csv  consists of so...,"13. Climate action,15. Life on land","2. Zero hunger,white rhinoceros,biological sciences,FOS: Biological sciences,woody encroachment,rewilding,15. Life on land,soil carbon,grazing impact,Soil carbon,fire",,0.35756057500839233,,0.11918685833613078
10.5061/dryad.gf1vhhmmd,10.1021/acs.est.0c05203,Thermodynamics of soil organic matter decomposition in semi-natural oak (Quercus) woodland in southwest Ireland,Mercury Reduction by Nanoparticulate Vivianite,Open AccessDSC are already corrected to the base line to be integrated to obtain the  heat of combus...,Open AccessISSN:0013-936X,"13. Climate action,15. Life on land","abiotic Hg II reduction,Chemical Sciences not elsewhere classified,Physiology,0211 other engineering and technologies,02 engineering and technology,Hg 0,Hg II,PO,01 natural sciences,333,Phosphates,Environmental Sciences not elsewhere classified,Ferrous Compounds,Hg II reducers,Molecular Biology,ferrous iron phosphate mineral vivi.,Ecosystem,0105 earth and related environmental sciences,Pharmacology,Fe II content,Ecology,Nanoparticulate Vivianite Mercury,Cell Biology,Mercury,Fe II 3,Oxidation-Reduction,Biological Sciences not elsewhere classified",,0.35536104440689087,,0.11845368146896362
10.5061/dryad.gf1vhhmmd,10.1021/acs.est.0c05203,Thermodynamics of soil organic matter decomposition in semi-natural oak (Quercus) woodland in southwest Ireland,Mercury Reduction by Nanoparticulate Vivianite,Open AccessDSC are already corrected to the base line to be integrated to obtain the  heat of combus...,Open AccessISSN:0013-936X,"13. Climate action,15. Life on land","abiotic Hg II reduction,Chemical Sciences not elsewhere classified,Physiology,0211 other engineering and technologies,02 engineering and technology,Hg 0,Hg II,PO,01 natural sciences,333,Phosphates,Environmental Sciences not elsewhere classified,Ferrous Compounds,Hg II reducers,Molecular Biology,ferrous iron phosphate mineral vivi.,Ecosystem,0105 earth and related environmental sciences,Pharmacology,Fe II content,Ecology,Nanoparticulate Vivianite Mercury,Cell Biology,Mercury,Fe II 3,Oxidation-Reduction,Biological Sciences not elsewhere classified",,0.35536104440689087,,0.11845368146896362
10.5061/dryad.gf1vhhmmd,10.1016/j.biombioe.2009.10.019,Thermodynamics of soil organic matter decomposition in semi-natural oak (Quercus) woodland in southwest Ireland,Soil Organic Carbon Changes In The Cultivation Of Energy Crops: Implications For Ghg Balances And Soil Quality For Use In Lca,Open AccessDSC are already corrected to the base line to be integrated to obtain the  heat of combus...,Open AccessJRC.H.1-Water Resources,"13. Climate action,15. Life on land","020209 energy,0211 other engineering and technologies,0202 electrical engineering, electronic engineering, information engineering,021108 energy,02 engineering and technology",,0.3536279499530792,,0.11787598331769307
10.5061/dryad.gf1vhhmmd,10.1016/j.iswcr.2020.01.001,Thermodynamics of soil organic matter decomposition in semi-natural oak (Quercus) woodland in southwest Ireland,"SHui, an EU-Chinese cooperative project to optimize soil and water management in agricultural areas in the XXI century",Open AccessDSC are already corrected to the base line to be integrated to obtain the  heat of combus...,Open AccessThis work has been supported by Project SHui which is co-funded by the European Union Pro...,"13. Climate action,15. Life on land","Yield,EROSION,FLOW,Cropping,SIMULATE YIELD RESPONSE,Soil Science,Environmental Sciences & Ecology,RICE YIELDS,01 natural sciences,DRYING IRRIGATION,FAO CROP MODEL,0105 earth and related environmental sciences,Science & Technology,Agriculture,04 agricultural and veterinary sciences,Engineering (General). Civil engineering (General),Cooperation,Sustainability,Physical Sciences,Water Resources,0401 agriculture, forestry, and fisheries,TA1-2040,Life Sciences & Biomedicine,Environmental Sciences",,0.3500319719314575,,0.11667732397715251
10.5061/dryad.gf1vhhmmd,10.5061/dryad.8hm07,Thermodynamics of soil organic matter decomposition in semi-natural oak (Quercus) woodland in southwest Ireland,"Data from: Biochar from ""Kon Tiki"" flame curtain and other kilns: effects of nutrient enrichment and kiln type on crop yield and soil chemistry",Open AccessDSC are already corrected to the base line to be integrated to obtain the  heat of combus...,Open Accesssoil datasets-paperI-kilntype_enrichmentdatasets-AGB  roduction-kilntype-enrichmentData-f...,"13. Climate action,15. Life on land","2. Zero hunger,13. Climate action,kiln technology,soil fertility,biochar,15. Life on land,7. Clean energy,6. Clean water,flame curtain",,0.3498973846435547,,0.11663246154785156
10.5061/dryad.gf1vhhmmd,10.1016/j.still.2008.08.012,Thermodynamics of soil organic matter decomposition in semi-natural oak (Quercus) woodland in southwest Ireland,Impact Of Reduced Tillage On Carbon And Nitrogen Storage Of Two Haplic Luvisols After 40 Years,Open AccessDSC are already corrected to the base line to be integrated to obtain the  heat of combus...,Open AccessDeutsche Forschungsgemeinschaft (DFG),"13. Climate action,15. Life on land","01050102 Sanitation/Water pollution,040103 agronomy & agriculture,0401 agriculture, forestry, and fisheries,04 agricultural and veterinary sciences,010501 environmental sciences,01 natural sciences,04010301 Horticulture/Soil,0105 earth and related environmental sciences",,0.34959694743156433,,0.11653231581052144
10.5061/dryad.gf1vhhmmd,10.1016/j.still.2008.08.012,Thermodynamics of soil organic matter decomposition in semi-natural oak (Quercus) woodland in southwest Ireland,Impact Of Reduced Tillage On Carbon And Nitrogen Storage Of Two Haplic Luvisols After 40 Years,Open AccessDSC are already corrected to the base line to be integrated to obtain the  heat of combus...,Open AccessDeutsche Forschungsgemeinschaft (DFG),"13. Climate action,15. Life on land","01050102 Sanitation/Water pollution,040103 agronomy & agriculture,0401 agriculture, forestry, and fisheries,04 agricultural and veterinary sciences,010501 environmental sciences,01 natural sciences,04010301 Horticulture/Soil,0105 earth and related environmental sciences",,0.34959694743156433,,0.11653231581052144
10.5061/dryad.gf1vhhmmd,10.1016/j.catena.2020.104511,Thermodynamics of soil organic matter decomposition in semi-natural oak (Quercus) woodland in southwest Ireland,The influence of tree and soil management on soil organic carbon stock and pools in dehesa systems,Open AccessDSC are already corrected to the base line to be integrated to obtain the  heat of combus...,"Open AccessThis work was supported by P12-AGR-0931 (Andalusian Government), RTA2014-00063-C04-03 (Sp...","13. Climate action,15. Life on land","Fractions agroforestry,04 agricultural and veterinary sciences,Grazing,Shift from cultivation to grazing,Crop rotation,Tree plantation,0401 agriculture, forestry, and fisheries,Organic carbon fractions,Agroforestry,Organic carbon,Holm oak",,0.34846198558807373,,0.11615399519602458
10.5061/dryad.gf1vhhmmd,10.5281/zenodo.6472390,Thermodynamics of soil organic matter decomposition in semi-natural oak (Quercus) woodland in southwest Ireland,Zonal and raster data for i-SoMPE WP1 R Project,Open AccessDSC are already corrected to the base line to be integrated to obtain the  heat of combus...,This data is necessary to run the i-SoMPE WP1 R Project available on GitLab (https://gitlab.com/heoi...,"13. Climate action,15. Life on land","git,Project,EJPSoil",,0.3478383719921112,,0.1159461239973704
10.5061/dryad.gf1vhhmmd,10.5281/zenodo.6472390,Thermodynamics of soil organic matter decomposition in semi-natural oak (Quercus) woodland in southwest Ireland,Zonal and raster data for i-SoMPE WP1 R Project,Open AccessDSC are already corrected to the base line to be integrated to obtain the  heat of combus...,This data is necessary to run the i-SoMPE WP1 R Project available on GitLab (https://gitlab.com/heoi...,"13. Climate action,15. Life on land","git,Project,EJPSoil",,0.3478383719921112,,0.1159461239973704
10.5061/dryad.gf1vhhmmd,10.5281-zenodo.6472390,Thermodynamics of soil organic matter decomposition in semi-natural oak (Quercus) woodland in southwest Ireland,Zonal and raster data for i-SoMPE WP1 R Project,Open AccessDSC are already corrected to the base line to be integrated to obtain the  heat of combus...,This data is necessary to run the i-SoMPE WP1 R Project available on GitLab and Zenodo.,"13. Climate action,15. Life on land","European,EJPSoil",,0.3455389738082886,,0.11517965793609619
10.5061/dryad.gf1vhhmmd,10.5281-zenodo.6472390,Thermodynamics of soil organic matter decomposition in semi-natural oak (Quercus) woodland in southwest Ireland,Zonal and raster data for i-SoMPE WP1 R Project,Open AccessDSC are already corrected to the base line to be integrated to obtain the  heat of combus...,This data is necessary to run the i-SoMPE WP1 R Project available on GitLab and Zenodo.,"13. Climate action,15. Life on land","European,EJPSoil",,0.3455389738082886,,0.11517965793609619
10.5061/dryad.gf1vhhmmd,10.5683/SP3/4FOMJF,Thermodynamics of soil organic matter decomposition in semi-natural oak (Quercus) woodland in southwest Ireland,Carbon biogeochemistry of major rivers in northern Québec [summer 2010 snapshot],Open AccessDSC are already corrected to the base line to be integrated to obtain the  heat of combus...,Open AccessThe file contains the following variables and units of measurement: Annual streamflow fro...,"13. Climate action,15. Life on land","Watershed hydrology,Carbon cycle (Biogeochemistry),boreal rivers,15. Life on land,dissolved organic carbon,6. Clean water,Gaz carbonique,Greenhouse gases,carbon export,Carbon dioxide,13. Climate action,Earth and Environmental Sciences,Gaz à effet de serre,Carbone organique dissous,Cycle du carbone (Biogéochimie)",,0.3419724106788635,,0.11399080355962117
10.5061/dryad.gf1vhhmmd,541d36ab-cd77-4e6d-bb7a-61b761acda02,Thermodynamics of soil organic matter decomposition in semi-natural oak (Quercus) woodland in southwest Ireland,"Evaporation (K2, Karnataka, India - Monthly - 250m)",Open AccessDSC are already corrected to the base line to be integrated to obtain the  heat of combus...,Evaporation calculated for the Middle Krishna (K2) sub-basin area. Evaporation (e) is one of the thr...,"13. Climate action,15. Life on land","Evaporation,Water Accounting,ADB,Monthly,Middle Krishna sub-basin,K2 sub-basin,Krishna river basin,Karnataka,India,India",,0.3409809172153473,,0.1136603057384491
10.5061/dryad.gf1vhhmmd,10.5281/zenodo.7746495,Thermodynamics of soil organic matter decomposition in semi-natural oak (Quercus) woodland in southwest Ireland,ELABORATION OF THE ITALIAN PORTION OF THE GLOBAL SOIL ORGANIC CARBON MAP (GSOCMAP),Open AccessDSC are already corrected to the base line to be integrated to obtain the  heat of combus...,Open Accessc_stock: mean value c_stock_cv: coefficient of variation c_stock_sd: standard deviation c...,"13. Climate action,15. Life on land","2. Zero hunger,http://id.agrisemantics.org/gacs/C3841,carbon sequestration, common agricultural policy, digital soil mapping, land degradation neutrality, national soil hub, sustainable development goals,15. Life on land,national soil hub,sustainable development goals,carbon sequestration,common agricultural policy,6. Clean water,https://www.geonames.org/countries/IT/italy.html,13. Climate action,digital soil mapping,https://inspire.ec.europa.eu/theme/so,land degradation neutrality,https://lod.nal.usda.gov/nalt/67854",,0.34083491563796997,,0.11361163854598999
10.5061/dryad.gf1vhhmmd,10.5071/26thEUBCE2018-1DV.5.11,Thermodynamics of soil organic matter decomposition in semi-natural oak (Quercus) woodland in southwest Ireland,Evaluation of sunn hemp productivity after wheat under no tillage conditions,Open AccessDSC are already corrected to the base line to be integrated to obtain the  heat of combus...,"Open AccessProceedings of the 26th European Biomass Conference and Exhibition, 14-17 May 2018, Copen...","13. Climate action,15. Life on land","Advanced biofuel; Cropping system; No-tillage; Sunn hemp; Wheat; Agronomy and Crop Science; Forestry; Renewable Energy, Sustainability and the Environment; Waste Management and Disposal,0401 agriculture, forestry, and fisheries,04 agricultural and veterinary sciences,Biomass",,0.34048110246658325,,0.11349370082219441
10.5061/dryad.gf1vhhmmd,10.5061/dryad.m0cfxpp6b,Thermodynamics of soil organic matter decomposition in semi-natural oak (Quercus) woodland in southwest Ireland,Nitrogen availability determines ecosystem productivity in response to climate warming,Open AccessDSC are already corrected to the base line to be integrated to obtain the  heat of combus...,Open AccessAll statistical analyses were conducted in software package R 3.6.3 (R  Development Core ...,"13. Climate action,15. Life on land","primary productivity,FOS: Biological sciences,nitrogen availability;,Climate change,climate change;",,0.3402111828327179,,0.11340372761090596
10.5061/dryad.gf1vhhmmd,10.1016/j.enpol.2012.02.051,Thermodynamics of soil organic matter decomposition in semi-natural oak (Quercus) woodland in southwest Ireland,Correcting A Fundamental Error In Greenhouse Gas Accounting Related To Bioenergy,Open AccessDSC are already corrected to the base line to be integrated to obtain the  heat of combus...,Open AccessISSN:0301-4215,"13. Climate action,15. Life on land","020209 energy,Bioenergy; Greenhouse gas emissions; Greenhouse gas accounting,0211 other engineering and technologies,Greenhouse gas accounting,02 engineering and technology,Management, Monitoring, Policy and Law,02020901 Energy policy/Renewable energy commercialization/Renewable energy,02110801 Energy policy/Renewable energy commercialization/Renewable energy,Viewpoint,Energy(all),Greenhouse gas emissions,ddc:550,0202 electrical engineering, electronic engineering, information engineering,greenhouse gas; bioenergy; sustainable development,Bioenergy,021108 energy",,0.34019649028778076,,0.11339883009592693
10.5061/dryad.gf1vhhmmd,10.5281/zenodo.4133892,Thermodynamics of soil organic matter decomposition in semi-natural oak (Quercus) woodland in southwest Ireland,"Data on ground ice, organic carbon and soluble cations in tundra permafrost and active-layer soils near Lac de Gras in the Slave Geological Province, N.W.T., Canada",Open AccessDSC are already corrected to the base line to be integrated to obtain the  heat of combus...,"Open Access{'references': ['Gruber, S., Brown, N., Stewart-Jones, E., Karunaratne, K., Riddick, J., ...","13. Climate action,15. Life on land","permafrost ground ice, soil carbon,,15. Life on land,permafrost, ground ice, soil carbon, Laurentide ice sheet",,0.3395836353302002,,0.11319454511006673
10.5061/dryad.gf1vhhmmd,10.5281/zenodo.4133892,Thermodynamics of soil organic matter decomposition in semi-natural oak (Quercus) woodland in southwest Ireland,"Data on ground ice, organic carbon and soluble cations in tundra permafrost and active-layer soils near Lac de Gras in the Slave Geological Province, N.W.T., Canada",Open AccessDSC are already corrected to the base line to be integrated to obtain the  heat of combus...,"Open Access{'references': ['Gruber, S., Brown, N., Stewart-Jones, E., Karunaratne, K., Riddick, J., ...","13. Climate action,15. Life on land","permafrost ground ice, soil carbon,,15. Life on land,permafrost, ground ice, soil carbon, Laurentide ice sheet",,0.3395836353302002,,0.11319454511006673
10.5061/dryad.gf1vhhmmd,10.5061/dryad.rk568,Thermodynamics of soil organic matter decomposition in semi-natural oak (Quercus) woodland in southwest Ireland,Data from: Spatial variation of soil respiration in a cropland under winter wheat and summer maize rotation in the North China Plain,Open AccessDSC are already corrected to the base line to be integrated to obtain the  heat of combus...,Open AccessHuang et al. DataHuang et al Data.xlsx,"13. Climate action,15. Life on land","2. Zero hunger,Leaves,photosynthesis,carbon dioxide,Soil respiration,15. Life on land,soil respiration,Maize,Agricultural soil science,Carbon dioxide,wheat,Wheat,leaves,Photosynthesis",,0.33854562044143677,,0.11284854014714558
10.5061/dryad.gf1vhhmmd,10.1080/03650340.2011.555762,Thermodynamics of soil organic matter decomposition in semi-natural oak (Quercus) woodland in southwest Ireland,Effect Of Fertilization On Respiration From Different Sources In A Sandy Soil Of An Agricultural Long-Term Experiment,Open AccessDSC are already corrected to the base line to be integrated to obtain the  heat of combus...,Open AccessDeutsche Forschungsgemeinschaft (DFG) [GRK 1397/1],"13. Climate action,15. Life on land","040103 agronomy & agriculture,0401 agriculture, forestry, and fisheries,04 agricultural and veterinary sciences,04010301 Horticulture/Soil",,0.33839377760887146,,0.11279792586962382
10.5061/dryad.gf1vhhmmd,10.5281/zenodo.10910006,Thermodynamics of soil organic matter decomposition in semi-natural oak (Quercus) woodland in southwest Ireland,GCEF 2014-2023 Ecosystem Multifunctionality Data,Open AccessDSC are already corrected to the base line to be integrated to obtain the  heat of combus...,This dataset comprises data from the Global Change Experimental Facility (GCEF) (https://doi.org/10....,"13. Climate action,15. Life on land","Climate Change,Land Use,Multifunctionality,Agriculture,Ecosystem Services",,0.33802559971809387,,0.1126751999060313
10.5061/dryad.gf1vhhmmd,10.5281/zenodo.10910006,Thermodynamics of soil organic matter decomposition in semi-natural oak (Quercus) woodland in southwest Ireland,GCEF 2014-2023 Ecosystem Multifunctionality Data,Open AccessDSC are already corrected to the base line to be integrated to obtain the  heat of combus...,This dataset comprises data from the Global Change Experimental Facility (GCEF) (https://doi.org/10....,"13. Climate action,15. Life on land","Climate Change,Land Use,Multifunctionality,Agriculture,Ecosystem Services",,0.33802559971809387,,0.1126751999060313
10.5061/dryad.gf1vhhmmd,10.1016/j.scienta.2019.108978,Thermodynamics of soil organic matter decomposition in semi-natural oak (Quercus) woodland in southwest Ireland,Carbon emissions and economic assessment of farm operations under different tillage practices in organic rainfed almond orchards in semiarid Mediterranean conditions,Open AccessDSC are already corrected to the base line to be integrated to obtain the  heat of combus...,"Open AccessThis study was supported by the European Commission H2020 (Grant 728003, DIVERFARMING Pro...","13. Climate action,15. Life on land","Climate change mitigation,Take urgent action to combat climate change and its impacts,Reduced tillage,Green manure,0401 agriculture, forestry, and fisheries,Farm profitability,http://metadata.un.org/sdg/13,04 agricultural and veterinary sciences,Carbon footprint,Rainfed agriculture",,0.3377001881599426,,0.11256672938664754
10.5061/dryad.gf1vhhmmd,10.5281/zenodo.5511764,Thermodynamics of soil organic matter decomposition in semi-natural oak (Quercus) woodland in southwest Ireland,Application of organic fertilizers alter the physical and biogeochemical properties of agricultural topsoil and subsoil,Open AccessDSC are already corrected to the base line to be integrated to obtain the  heat of combus...,Open AccessvEGU21: Gather Online | 19–30 April 2021,"13. Climate action,15. Life on land","2. Zero hunger,13. Climate action,15. Life on land,7. Clean energy,6. Clean water,12. Responsible consumption,Organic amendments, Organic carbon stocks, subsoil , Vis-NIR",,0.337397038936615,,0.11246567964553833
10.5061/dryad.gf1vhhmmd,10.7910/DVN/WNQBBP,Thermodynamics of soil organic matter decomposition in semi-natural oak (Quercus) woodland in southwest Ireland,Replication Data for: Cross-validation data for Hamilton et al. North Ecuador Estuaries.,Open AccessDSC are already corrected to the base line to be integrated to obtain the  heat of combus...,Open AccessData includes the study areas from Hamilton et al. 2007 with the AGMB processed according...,"13. Climate action,15. Life on land","Earth and Environmental Sciences,Mangrove,Carbon",,0.3373386263847351,,0.1124462087949117
10.5061/dryad.gf1vhhmmd,10.5071/27theubce2019-1bo.9.5,Thermodynamics of soil organic matter decomposition in semi-natural oak (Quercus) woodland in southwest Ireland,Intercropping Dedicated Grass and Legume Crops for Advanced Biofuel Production,Open AccessDSC are already corrected to the base line to be integrated to obtain the  heat of combus...,"Open AccessProceedings of the 27th European Biomass Conference and Exhibition, 27-30 May 2019, Lisbo...","13. Climate action,15. Life on land","0211 other engineering and technologies,0202 electrical engineering, electronic engineering, information engineering,Advanced biofuel; Agricultural intensification; Cereal; Energy crops; Intercrop; Legume,02 engineering and technology,Biomass",,0.3354927897453308,,0.11183092991511027
10.5061/dryad.gf1vhhmmd,10.5061/dryad.g1jwstqt5,Thermodynamics of soil organic matter decomposition in semi-natural oak (Quercus) woodland in southwest Ireland,Fencing farm dams to exclude livestock halves methane emissions and improves water quality,Open AccessDSC are already corrected to the base line to be integrated to obtain the  heat of combus...,"Open AccessWe used the statistical software R version 4.0.3 (R Core Team, 2020) with  the packages n...","13. Climate action,15. Life on land","2. Zero hunger,sustainable farms,13. Climate action,inland water,dugouts,11. Sustainability,FOS: Agricultural sciences,agricultural reservoirs,14. Life underwater,Impoundment,15. Life on land,6. Clean water",,0.33469048142433167,,0.11156349380811055
10.5061/dryad.gf1vhhmmd,10.5281/zenodo.8383036,Thermodynamics of soil organic matter decomposition in semi-natural oak (Quercus) woodland in southwest Ireland,Soil redox potential vs. soil microbial activity and structure,Open AccessDSC are already corrected to the base line to be integrated to obtain the  heat of combus...,Open Access{'references': ['https://doi.org/10.1007/s11104-023-06305-y']},"13. Climate action,15. Life on land","2. Zero hunger,soil health,on farm research,soil redox potential",,0.3322080969810486,,0.11073603232701619
10.5061/dryad.gf1vhhmmd,10.5281/zenodo.1566066,Thermodynamics of soil organic matter decomposition in semi-natural oak (Quercus) woodland in southwest Ireland,N2O and CH4 fluxes/concentrations reported in Krauss et al. 2017,Open AccessDSC are already corrected to the base line to be integrated to obtain the  heat of combus...,"Open Access{'references': ['Krauss, M., Ruser, R., M u00fcller, T., Hansen, S., M u00e4der, P., Gatt...","13. Climate action,15. Life on land","2. Zero hunger,nitrous oxide, methane, greenhouse gas emissions, conservation tillage, organic farming,13. Climate action,11. Sustainability,12. Responsible consumption",,0.3295917809009552,,0.10986392696698506
10.5061/dryad.gf1vhhmmd,10.5281/zenodo.1566066,Thermodynamics of soil organic matter decomposition in semi-natural oak (Quercus) woodland in southwest Ireland,N2O and CH4 fluxes/concentrations reported in Krauss et al. 2017,Open AccessDSC are already corrected to the base line to be integrated to obtain the  heat of combus...,"Open Access{'references': ['Krauss, M., Ruser, R., M u00fcller, T., Hansen, S., M u00e4der, P., Gatt...","13. Climate action,15. Life on land","2. Zero hunger,nitrous oxide, methane, greenhouse gas emissions, conservation tillage, organic farming,13. Climate action,11. Sustainability,12. Responsible consumption",,0.3295917809009552,,0.10986392696698506
10.5061/dryad.gf1vhhmmd,10.5281/zenodo.7464210,Thermodynamics of soil organic matter decomposition in semi-natural oak (Quercus) woodland in southwest Ireland,CLSoilMaps: A national soil gridded product for Chile,Open AccessDSC are already corrected to the base line to be integrated to obtain the  heat of combus...,Open AccessFe de erratas: Available Water Capacity description had a minor error. We have updated th...,"13. Climate action,15. Life on land","2. Zero hunger,13. Climate action,Soil Physical properties, Soil hydraulic parameters, Digital Soil Mapping, Chile,15. Life on land,6. Clean water",,0.32729223370552063,,0.10909741123517354
10.5061/dryad.gf1vhhmmd,10.5061/dryad.50g8322,Thermodynamics of soil organic matter decomposition in semi-natural oak (Quercus) woodland in southwest Ireland,"Data from: Alteration of nitrous oxide emissions from floodplain soils by aggregate size, litter accumulation and plant–soil interactions",Open AccessDSC are already corrected to the base line to be integrated to obtain the  heat of combus...,Open AccessEnvironmental Data (Ley et al. 2018)Ley_et_al_2018.csv,"13. Climate action,15. Life on land","floodplain soils,Salix viminalis,emission patterns,litter,nitrous oxide,13. Climate action,aggregate size,redox potentials,15. Life on land,6. Clean water",,0.3272574543952942,,0.10908581813176473
10.5061/dryad.gf1vhhmmd,10.5281/zenodo.4954979,Thermodynamics of soil organic matter decomposition in semi-natural oak (Quercus) woodland in southwest Ireland,Dataset: Long-term geothermal warming reduced stocks of carbon but not nitrogen in a subarctic forest soil,Open AccessDSC are already corrected to the base line to be integrated to obtain the  heat of combus...,Open Access<pre>The files stored in this repository contain data and additional information for the ...,"13. Climate action,15. Life on land","2. Zero hunger,Soil organic matter,Canada,Whole-profile,13. Climate action,Soil warming,Teabags,Fractionation,15. Life on land,Takhini hot springs,6. Clean water,Thermosequence",,0.3265675902366638,,0.10885586341222127
10.5061/dryad.gf1vhhmmd,10.5281/zenodo.4954979,Thermodynamics of soil organic matter decomposition in semi-natural oak (Quercus) woodland in southwest Ireland,Dataset: Long-term geothermal warming reduced stocks of carbon but not nitrogen in a subarctic forest soil,Open AccessDSC are already corrected to the base line to be integrated to obtain the  heat of combus...,Open Access<pre>The files stored in this repository contain data and additional information for the ...,"13. Climate action,15. Life on land","2. Zero hunger,Soil organic matter,Canada,Whole-profile,13. Climate action,Soil warming,Teabags,Fractionation,15. Life on land,Takhini hot springs,6. Clean water,Thermosequence",,0.3265675902366638,,0.10885586341222127
10.5061/dryad.gf1vhhmmd,10.5061/dryad.vmcvdncwz,Thermodynamics of soil organic matter decomposition in semi-natural oak (Quercus) woodland in southwest Ireland,How much is soil nitrous oxide emission reduced with biochar application? An evaluation of meta‐analyses,Open AccessDSC are already corrected to the base line to be integrated to obtain the  heat of combus...,Open AccessThis data file includes five datasets used to construct the following five  figures.,"13. Climate action,15. Life on land","2. Zero hunger,13. Climate action,FOS: Agricultural sciences,15. Life on land",,0.3228016793727875,,0.10760055979092915
10.5061/dryad.gf1vhhmmd,10.5061/dryad.p5hqbzkqg,Thermodynamics of soil organic matter decomposition in semi-natural oak (Quercus) woodland in southwest Ireland,"Data from: Living, dead, and absent trees - How do moth outbreaks shape small-scale patterns of soil organic matter stocks and dynamics at the Subarctic mountain birch treeline?",Open AccessDSC are already corrected to the base line to be integrated to obtain the  heat of combus...,Open AccessSee ReadMe file.,"13. Climate action,15. Life on land","13. Climate action,Soil organic carbon stocks,soil organic matter,insect herbivory,Soil respiration,15. Life on land,soil carbon,priming effects,soil respiration,Soil carbon",,0.32272765040397644,,0.10757588346799214
10.5061/dryad.gf1vhhmmd,642e1276-ed6f-4dc1-a1cf-e67430674647,Thermodynamics of soil organic matter decomposition in semi-natural oak (Quercus) woodland in southwest Ireland,Long-term field experiment V140 Muencheberg from 1963 to 2009 - Sowing,Open AccessDSC are already corrected to the base line to be integrated to obtain the  heat of combus...,"This data/file has been withdrawn by the author and is no longer available for free reuse.

Author's...","13. Climate action,15. Life on land","Langzeitversuch,Landwirtschaft,Boden,Saatgut,Anbausystem,agriculture,Field experimentation,Sowing,Cultivation,Field experimentation,agriculture,Seed,Plant developmental stages,Emergence,Sowing rates,Dauerfeldversuch,Dauerversuch,Langzeitfeldversuch,Langzeitversuch,Dauerdüngungversuch,Langzeitdüngungsversuch,DFV,DDV,DV,Long-Term Field Experiment,Long-Term Experiment,Long-Term Trial,Long-Term Field Trial,Long-Term Fertilizer Experiment,Long-Term Soil Experiment,LTFE,LTE,LTSE",,0.3216453790664673,,0.10721512635548909
10.5061/dryad.gf1vhhmmd,10.5061/dryad.xwdbrv19n,Thermodynamics of soil organic matter decomposition in semi-natural oak (Quercus) woodland in southwest Ireland,Repeated fire shifts carbon and nitrogen cycling by changing plant inputs and soil decomposition across ecosystems,Open AccessDSC are already corrected to the base line to be integrated to obtain the  heat of combus...,Open AccessSee methods in associated manuscript.,"13. Climate action,15. Life on land","2. Zero hunger,repeated burning,13. Climate action,biogeochemistry,soil organic matter,Fire frequency,wildfires,15. Life on land,soil carbon,Biogeochemistry,Soil carbon,soil decomposition,Wildfires",,0.3210536241531372,,0.1070178747177124
10.5061/dryad.gf1vhhmmd,10.1109/ssci.2017.8280947,Thermodynamics of soil organic matter decomposition in semi-natural oak (Quercus) woodland in southwest Ireland,Applying design knowledge and machine learning to scada data for classification of wind turbine operating regimes,Open AccessDSC are already corrected to the base line to be integrated to obtain the  heat of combus...,Open AccessISBN:978-1-5386-2727-3,"13. Climate action,15. Life on land","supervised classiﬁcation,data dimensionality reduction,data clustering,structural health monitoring,0202 electrical engineering, electronic engineering, information engineering,unsupervised classiﬁcation,02 engineering and technology,7. Clean energy,vibration data,supervised classiﬁcation; unsupervised classiﬁcation; data clustering; data dimensionality reduction; vibration data; structural health monitoring",,0.31875288486480713,,0.10625096162160237
10.5061/dryad.gf1vhhmmd,10.1109/ssci.2017.8280947,Thermodynamics of soil organic matter decomposition in semi-natural oak (Quercus) woodland in southwest Ireland,Applying design knowledge and machine learning to scada data for classification of wind turbine operating regimes,Open AccessDSC are already corrected to the base line to be integrated to obtain the  heat of combus...,Open AccessISBN:978-1-5386-2727-3,"13. Climate action,15. Life on land","supervised classiﬁcation,data dimensionality reduction,data clustering,structural health monitoring,0202 electrical engineering, electronic engineering, information engineering,unsupervised classiﬁcation,02 engineering and technology,7. Clean energy,vibration data,supervised classiﬁcation; unsupervised classiﬁcation; data clustering; data dimensionality reduction; vibration data; structural health monitoring",,0.31875288486480713,,0.10625096162160237
10.5061/dryad.gf1vhhmmd,35e28330-e451-4566-b0a1-20606e839286,Thermodynamics of soil organic matter decomposition in semi-natural oak (Quercus) woodland in southwest Ireland,ORDIAmur_Survey_Altes_Land_exchange_of_acreage,Open AccessDSC are already corrected to the base line to be integrated to obtain the  heat of combus...,"The data set includes information on the influence of ARD on the yield situation, the possibility of...","13. Climate action,15. Life on land","surveys,Farm surveys,Apples,Farm area,Agricultural and aquaculture facilities,farm,Alternative areas,distance,area exchange,personal details",,0.31780827045440674,,0.10593609015146892
10.5061/dryad.gf1vhhmmd,2ac2dedc-55ee-4806-8ad7-72308c6a305c,Thermodynamics of soil organic matter decomposition in semi-natural oak (Quercus) woodland in southwest Ireland,Buffer areas of topsoils for forestry use Saarland,Open AccessDSC are already corrected to the base line to be integrated to obtain the  heat of combus...,Buffer ranges of upper soils under forestry use Saarland (acidification degree of forestry soils) Th...,"13. Climate action,15. Life on land","Boden,Umweltüberwachung,Bauwerke,Geowissenschaften,geoportal,inspireidentifiziert,BOD,opendata,HVD,Saarland,Regional,Erdbeobachtung und Umwelt",,0.3175826668739319,,0.1058608889579773
10.5061/dryad.gf1vhhmmd,5b5588c0-d108-4c75-8609-f09dbc5a5cbb,Thermodynamics of soil organic matter decomposition in semi-natural oak (Quercus) woodland in southwest Ireland,INSPIRE Soil / Medium leachate rate BB,Open AccessDSC are already corrected to the base line to be integrated to obtain the  heat of combus...,Der interoperable INSPIRE-Datensatz beinhaltet Daten vom LBGR über die mittlere jährliche Sickerwass...,"13. Climate action,15. Life on land","inspireidentifiziert,opendata,Nitrat,interoperability,Nitrataustragsgefährdung,Sickerwasserrate,bboxbebb,interoperable Daten,Bodenschutz,Brandenburg,Geologie,Bodenkunde,interoperabel,Soil,Nitrataustrag,Sickerwasser,Boden,Regional,Erdbeobachtung und Umwelt",,0.316935658454895,,0.10564521948496501
10.5061/dryad.gf1vhhmmd,10.1016/j.agwat.2021.106774,Thermodynamics of soil organic matter decomposition in semi-natural oak (Quercus) woodland in southwest Ireland,Numerically scheduling plant water deficit index-based smart irrigation to optimize crop yield and water use efficiency,Open AccessDSC are already corrected to the base line to be integrated to obtain the  heat of combus...,Open AccessThis research was supported partly by National Key Research and Development Program of Ch...,"13. Climate action,15. Life on land","0106 biological sciences,04 agricultural and veterinary sciences,01 natural sciences,Irrigation scheduling,Regulated deficit irrigation,Crop growth,0401 agriculture, forestry, and fisheries,Soil water transport,Decision support system",,0.3162003755569458,,0.1054001251856486
10.5061/dryad.gf1vhhmmd,10.5061/dryad.s7867,Thermodynamics of soil organic matter decomposition in semi-natural oak (Quercus) woodland in southwest Ireland,"Data from: Simple measures of climate, soil properties and plant traits predict national scale grassland soil carbon stocks",Open AccessDSC are already corrected to the base line to be integrated to obtain the  heat of combus...,Open AccessData used in Manning et al 2015 J.Appl EcolThis file contains both the  model fitting and...,"13. Climate action,15. Life on land","2. Zero hunger,particle size fractions,plant traits,soil organic matter,15. Life on land,soil carbon,Community weighted mean,Soil carbon",,0.3146911859512329,,0.10489706198374431
10.5061/dryad.gf1vhhmmd,3e04b35d-3a46-4069-86d2-6103da657ede,Thermodynamics of soil organic matter decomposition in semi-natural oak (Quercus) woodland in southwest Ireland,INSPIRE Soil / Potential site suitability for geothermal collectors BB,Open AccessDSC are already corrected to the base line to be integrated to obtain the  heat of combus...,Der interoperable INSPIRE-Datensatz beinhaltet Daten vom LBGR über die potenzielle Standorteignung f...,"13. Climate action,15. Life on land","inspireidentifiziert,opendata,thermalCollectorsFieldCapacityStateMethod,Bodenkunde,interoperabel,Potenzielle Standorteignung Erdwärmekollektoren,thermalCollectorsWiltingPointStateMethod,OM_Observation,interoperability,Oberboden,interoperable Daten,thermalCollectorsFieldCapacityFederalMethod,thermalCollectorsWiltingPointFederalMethod,depthInterval,Soil,DerivedSoilProfile,bboxbebb,Geologie,Erdwärmekollektor,Bodenschutz,Brandenburg,Process,SoilLayer,SoilDerivedObject,WRBReferenceSoilGroupValue,Regional,Boden,Erdbeobachtung und Umwelt",,0.3137267231941223,,0.10457557439804077
10.5061/dryad.gf1vhhmmd,10.1016/j.agrformet.2021.108393,Thermodynamics of soil organic matter decomposition in semi-natural oak (Quercus) woodland in southwest Ireland,Estimating stomatal conductance and evapotranspiration of winter wheat using a soil-plant water relations-based stress index,Open AccessDSC are already corrected to the base line to be integrated to obtain the  heat of combus...,Open AccessThis research was supported partly by National Natural Science Foundation of China (U1706...,"13. Climate action,15. Life on land","0106 biological sciences,Water stress,Penman-Monteith,04 agricultural and veterinary sciences,Soil matric potential,01 natural sciences,0401 agriculture, forestry, and fisheries,Soil-plant water relations,Jarvis model",,0.3125660717487335,,0.10418869058291118
10.5061/dryad.gf1vhhmmd,10.1016/j.agee.2009.05.004,Thermodynamics of soil organic matter decomposition in semi-natural oak (Quercus) woodland in southwest Ireland,Long-Term Effects Of Conservation Tillage On Organic Fractions In Two Soils In Southwest Of Spain,Open AccessDSC are already corrected to the base line to be integrated to obtain the  heat of combus...,Open AccessAuthors want to thank to Comisión Interministerial de Ciencia y Tecnología (CICYT) throug...,"13. Climate action,15. Life on land","b-Glucosidase activity,04010302 Agroecology/Sustainable agriculture,Microbial biomass carbon (MBC) to TOC,Direct drilling,040103 agronomy & agriculture,0401 agriculture, forestry, and fisheries,04 agricultural and veterinary sciences,Permanganate oxidizable carbon,Ratio,Diphenol oxidase activity,Tillage",,0.31248050928115845,,0.10416016976038615
10.5061/dryad.gf1vhhmmd,10.1111/j.1751-8369.2010.00154.x,Thermodynamics of soil organic matter decomposition in semi-natural oak (Quercus) woodland in southwest Ireland,Cold-Season Soil Respiration In Response To Grazing And Warming In High-Arctic Svalbard,Open AccessDSC are already corrected to the base line to be integrated to obtain the  heat of combus...,"Open AccessThis study was funded by: the University Centre in Svalbard, Longyearbyen, Norway; Oticon...","13. Climate action,15. Life on land","Spitsbergen,SOC turnover,040103 agronomy & agriculture,Tundra vegetation,0401 agriculture, forestry, and fisheries,Soil respiration,04 agricultural and veterinary sciences,Warming,Goose grazing,04010301 Horticulture/Soil",,0.31194260716438293,,0.10398086905479431
10.5061/dryad.gf1vhhmmd,10.5061/dryad.ms2np57,Thermodynamics of soil organic matter decomposition in semi-natural oak (Quercus) woodland in southwest Ireland,"Data from: Grazing enhances belowground carbon allocation, microbial biomass, and soil carbon in a subtropical grassland",Open AccessDSC are already corrected to the base line to be integrated to obtain the  heat of combus...,"Open AccessLignin PhenolsData file with results from lignin phenol extraction of soil  samples, and ...","13. Climate action,15. Life on land","2. Zero hunger,belowground carbon allocation,soil organic carbon,microbial biomass,Lignin Phenols,Paspalum notatum,Large Herbivore Grazing,subtropical pasture,15. Life on land",,0.3119077980518341,,0.10396926601727803
10.5061/dryad.gf1vhhmmd,10.5281/zenodo.3238632,Thermodynamics of soil organic matter decomposition in semi-natural oak (Quercus) woodland in southwest Ireland,CRESCENDO_Brottum_Aug-Sept-2017,Open AccessDSC are already corrected to the base line to be integrated to obtain the  heat of combus...,Open AccessThis file includes several work sheets with the data used for the article 'Peatland Volum...,"13. Climate action,15. Life on land","CRESCENDO, Marie Skłodowska-Curie action, peatlands, peat samples, peat thickness, Norway, bogs, Airborne Electromagnetics, SkyTEM, organic carbon content, carbon pool,15. Life on land",,0.311352014541626,,0.10378400484720866
10.5061/dryad.gf1vhhmmd,10.5281/zenodo.3238632,Thermodynamics of soil organic matter decomposition in semi-natural oak (Quercus) woodland in southwest Ireland,CRESCENDO_Brottum_Aug-Sept-2017,Open AccessDSC are already corrected to the base line to be integrated to obtain the  heat of combus...,Open AccessThis file includes several work sheets with the data used for the article 'Peatland Volum...,"13. Climate action,15. Life on land","CRESCENDO, Marie Skłodowska-Curie action, peatlands, peat samples, peat thickness, Norway, bogs, Airborne Electromagnetics, SkyTEM, organic carbon content, carbon pool,15. Life on land",,0.311352014541626,,0.10378400484720866
10.5061/dryad.gf1vhhmmd,187ee2d8-90d4-476b-b3ac-9f4b791ffc3c,Thermodynamics of soil organic matter decomposition in semi-natural oak (Quercus) woodland in southwest Ireland,"Logger based water table measurements in selected kettle holes in the Uckermark (NE Germany, Brandenburg) (Part 1 of data collection, table Kettle_holes_Uckermark_watertable)",Open AccessDSC are already corrected to the base line to be integrated to obtain the  heat of combus...,Water-table and water-temperature measurements were conducted by Water Level Data Logger (AckermannK...,"13. Climate action,15. Life on land","Soil,kettle holes,groundwater assessment,water levels,water temperature,inspireidentifiziert,Germany,Brandenburg,Uckermark,Quillow",,0.3100177049636841,,0.1033392349878947
10.5061/dryad.gf1vhhmmd,10.5281/zenodo.5793126,Thermodynamics of soil organic matter decomposition in semi-natural oak (Quercus) woodland in southwest Ireland,"Data to support the publication ""Soil Water Retention as Affected by Management Induced Changes of Soil Organic Carbon: Analysis of Long-Term Experiments in Europe"",  https://doi.org/10.3390/land10121362",Open AccessDSC are already corrected to the base line to be integrated to obtain the  heat of combus...,Open Access{'references': ['https://doi.org/10.3390/land10121362']},"13. Climate action,15. Life on land","2. Zero hunger,13. Climate action,SOC, SICS,15. Life on land",,0.30987587571144104,,0.10329195857048035
10.5061/dryad.gf1vhhmmd,10.5281/zenodo.5793126,Thermodynamics of soil organic matter decomposition in semi-natural oak (Quercus) woodland in southwest Ireland,"Data to support the publication ""Soil Water Retention as Affected by Management Induced Changes of Soil Organic Carbon: Analysis of Long-Term Experiments in Europe"",  https://doi.org/10.3390/land10121362",Open AccessDSC are already corrected to the base line to be integrated to obtain the  heat of combus...,Open Access{'references': ['https://doi.org/10.3390/land10121362']},"13. Climate action,15. Life on land","2. Zero hunger,13. Climate action,SOC, SICS,15. Life on land",,0.30987587571144104,,0.10329195857048035
10.5061/dryad.gf1vhhmmd,10.1016/j.still.2015.02.008,Thermodynamics of soil organic matter decomposition in semi-natural oak (Quercus) woodland in southwest Ireland,Evaluation Of Seasonal Variability Of Soil Biogeochemical Properties In Aggregate-Size Fractioned Soil Under Different Tillages,Open AccessDSC are already corrected to the base line to be integrated to obtain the  heat of combus...,Open Access11 páginas.-- 5 figuras.-- 1 tabla.-- 54 referencias.-- Supplementary data associated wit...,"13. Climate action,15. Life on land","CP MAS NMR,01050102 Sanitation/Water pollution,Enzymatic activities,Conservation agriculture,Labile carbon pools,Total organic carbon,040103 agronomy & agriculture,0401 agriculture, forestry, and fisheries,04 agricultural and veterinary sciences,010501 environmental sciences,01 natural sciences,04010301 Horticulture/Soil,0105 earth and related environmental sciences",,0.3095248341560364,,0.10317494471867879
10.5061/dryad.gf1vhhmmd,10.1016/j.still.2015.02.008,Thermodynamics of soil organic matter decomposition in semi-natural oak (Quercus) woodland in southwest Ireland,Evaluation Of Seasonal Variability Of Soil Biogeochemical Properties In Aggregate-Size Fractioned Soil Under Different Tillages,Open AccessDSC are already corrected to the base line to be integrated to obtain the  heat of combus...,Open Access11 páginas.-- 5 figuras.-- 1 tabla.-- 54 referencias.-- Supplementary data associated wit...,"13. Climate action,15. Life on land","CP MAS NMR,01050102 Sanitation/Water pollution,Enzymatic activities,Conservation agriculture,Labile carbon pools,Total organic carbon,040103 agronomy & agriculture,0401 agriculture, forestry, and fisheries,04 agricultural and veterinary sciences,010501 environmental sciences,01 natural sciences,04010301 Horticulture/Soil,0105 earth and related environmental sciences",,0.3095248341560364,,0.10317494471867879
10.5061/dryad.gf1vhhmmd,10.5194/egusphere-egu2020-8876,Thermodynamics of soil organic matter decomposition in semi-natural oak (Quercus) woodland in southwest Ireland,Mathematical Reconstruction of Land Carbon Models From Their Numerical Output: Computing Soil Radiocarbon From 12C Dynamics,Open AccessDSC are already corrected to the base line to be integrated to obtain the  heat of combus...,<p>         &amp;lt;p&amp;gt;Radiocarbon (&amp;lt;sup&amp;gt;14&amp;lt;/sup&amp;gt;C) is a powerful ...,"13. Climate action,15. Life on land","Physical geography,GC1-1581,Earth system models,15. Life on land,dynamical systems,Oceanography,01 natural sciences,compartmental systems,GB3-5030,radiocarbon,model diagnostics,0105 earth and related environmental sciences,carbon cycle models",,0.3074173629283905,,0.1024724543094635
10.5061/dryad.gf1vhhmmd,10.1016/j.gca.2020.08.011,Thermodynamics of soil organic matter decomposition in semi-natural oak (Quercus) woodland in southwest Ireland,An experimentally-determined general formalism for evaporation and isotope fractionation of Cu and Zn from silicate melts between 1300 and 1500 °C and 1 bar,Open AccessDSC are already corrected to the base line to be integrated to obtain the  heat of combus...,Open AccessISSN:1872-9533,"13. Climate action,15. Life on land","660,[PHYS.PHYS.PHYS-GEO-PH] Physics [physics]/Physics [physics]/Geophysics [physics.geo-ph],Isotope,Evaporation,[PHYS.PHYS.PHYS-GEO-PH]Physics [physics]/Physics [physics]/Geophysics [physics.geo-ph],Silicate melt,01 natural sciences,Vapour,Evaporation; Vapour; Cu; Zn; Silicate melt; Isotope,Zn,Cu,0105 earth and related environmental sciences",,0.30733686685562134,,0.10244562228520711
10.5061/dryad.gf1vhhmmd,10.5281/zenodo.1212540,Thermodynamics of soil organic matter decomposition in semi-natural oak (Quercus) woodland in southwest Ireland,Gpyro Workbook on Pyrolysis & Smouldering Problems,Open AccessDSC are already corrected to the base line to be integrated to obtain the  heat of combus...,(Document updated with version 8186 of Feb 2020) <strong>Gpyro is a powerful open-source simulation ...,"13. Climate action,15. Life on land","computer modelling,polymer,heat transfer,flammability,pyrolysis,simulation,fire",,0.3069498538970947,,0.10231661796569824
10.5061/dryad.gf1vhhmmd,20795693-2f37-4050-97d5-cd5d90255245,Thermodynamics of soil organic matter decomposition in semi-natural oak (Quercus) woodland in southwest Ireland,"Logger based water table measurements in selected kettle holes in the Uckermark (NE Germany, Brandenburg) (Part 3 of data collection, table IPP_Data_Field)",Open AccessDSC are already corrected to the base line to be integrated to obtain the  heat of combus...,"Both, groundwater table and water-temperature measurements were conducted by Water Level Data Logger...","13. Climate action,15. Life on land","Soil,kettle holes,groundwater assessment,water levels,water temperature,inspireidentifiziert,Germany,Brandenburg,Uckermark,Quillow",,0.30618035793304443,,0.10206011931101482
10.5061/dryad.gf1vhhmmd,10.5061/dryad.jh9w0vt6z,Thermodynamics of soil organic matter decomposition in semi-natural oak (Quercus) woodland in southwest Ireland,Data from: Impacts of climate variability and adaptation strategies on crop yields and soil organic carbon in the US Midwest,Open AccessDSC are already corrected to the base line to be integrated to obtain the  heat of combus...,Open AccessThe “ValidationResults.xlsx” contain SALUS-model validation results for  simulating maize...,"13. Climate action,15. Life on land","2. Zero hunger,soil organic carbon,13. Climate action,crop yields,15. Life on land,midwestern United States,6. Clean water",,0.30583256483078003,,0.10194418827692668
10.5061/dryad.gf1vhhmmd,10.5281/zenodo.4291855,Thermodynamics of soil organic matter decomposition in semi-natural oak (Quercus) woodland in southwest Ireland,EstSoil-EH: A high-resolution eco-hydrological modelling parameters dataset for Estonia (dataset),Open AccessDSC are already corrected to the base line to be integrated to obtain the  heat of combus...,Open AccessThis research has been supported by the Marie Skłodowska-Curie Actions individual fellows...,"13. Climate action,15. Life on land","https://www.eionet.europa.eu/gemet/en/theme/35,13. Climate action,https://www.eionet.europa.eu/gemet/en/concept/4855,soil, texture, FAO, WRB, available water capacity, AWC, estonia, soilmap, hydraulic properties, soil organic carbon, SOC, bulk density, saturated hydraulic conductivity, ecosystem services,https://www.eionet.europa.eu/gemet/en/concept/15138,15. Life on land,https://www.eionet.europa.eu/gemet/en/group/4856",,0.3049497902393341,,0.10164993007977803
10.5061/dryad.gf1vhhmmd,10.5281/zenodo.4291855,Thermodynamics of soil organic matter decomposition in semi-natural oak (Quercus) woodland in southwest Ireland,EstSoil-EH: A high-resolution eco-hydrological modelling parameters dataset for Estonia (dataset),Open AccessDSC are already corrected to the base line to be integrated to obtain the  heat of combus...,Open AccessThis research has been supported by the Marie Skłodowska-Curie Actions individual fellows...,"13. Climate action,15. Life on land","https://www.eionet.europa.eu/gemet/en/theme/35,13. Climate action,https://www.eionet.europa.eu/gemet/en/concept/4855,soil, texture, FAO, WRB, available water capacity, AWC, estonia, soilmap, hydraulic properties, soil organic carbon, SOC, bulk density, saturated hydraulic conductivity, ecosystem services,https://www.eionet.europa.eu/gemet/en/concept/15138,15. Life on land,https://www.eionet.europa.eu/gemet/en/group/4856",,0.3049497902393341,,0.10164993007977803
10.5061/dryad.gf1vhhmmd,10.1016/j.soildyn.2017.09.005,Thermodynamics of soil organic matter decomposition in semi-natural oak (Quercus) woodland in southwest Ireland,A centrifuge-based experimental verification of Soil-Structure Interaction effects,Open AccessDSC are already corrected to the base line to be integrated to obtain the  heat of combus...,"Open AccessSoil Dynamics and Earthquake Engineering, 103","13. Climate action,15. Life on land","Soil structure interaction; Centrifuge modeling; Experimental verification; Impulse response; SDOF systems; Modal identification; Energy dissipation,Soil structure interaction,Impulse response,Energy dissipation,0211 other engineering and technologies,Experimental verification,02 engineering and technology,0201 civil engineering,Centrifuge modeling,SDOF systems,Modal identification",,0.30478477478027344,,0.10159492492675781
10.5061/dryad.gf1vhhmmd,10.1016/j.soildyn.2017.09.005,Thermodynamics of soil organic matter decomposition in semi-natural oak (Quercus) woodland in southwest Ireland,A centrifuge-based experimental verification of Soil-Structure Interaction effects,Open AccessDSC are already corrected to the base line to be integrated to obtain the  heat of combus...,"Open AccessSoil Dynamics and Earthquake Engineering, 103","13. Climate action,15. Life on land","Soil structure interaction; Centrifuge modeling; Experimental verification; Impulse response; SDOF systems; Modal identification; Energy dissipation,Soil structure interaction,Impulse response,Energy dissipation,0211 other engineering and technologies,Experimental verification,02 engineering and technology,0201 civil engineering,Centrifuge modeling,SDOF systems,Modal identification",,0.30478477478027344,,0.10159492492675781
10.5061/dryad.gf1vhhmmd,10.1016/j.geoderma.2003.11.016,Thermodynamics of soil organic matter decomposition in semi-natural oak (Quercus) woodland in southwest Ireland,Inorganic And Organic N Pools In Soils Burned Or Heated: Immediate Alterations And Evolution After Forest Wildfires,Open AccessDSC are already corrected to the base line to be integrated to obtain the  heat of combus...,Open AccessPeer reviewed,"13. Climate action,15. Life on land","Nitrogen,Forest fires,Residual N,04 agricultural and veterinary sciences,Hydrolysable N,010501 environmental sciences,Soil fertility,01 natural sciences,01050102 Sanitation/Water pollution,040103 agronomy & agriculture,0401 agriculture, forestry, and fisheries,Recalcitrant and labile N,04010301 Horticulture/Soil,0105 earth and related environmental sciences",,0.30367106199264526,,0.10122368733088176
10.5061/dryad.gf1vhhmmd,10.1016/j.foreco.2007.01.022,Thermodynamics of soil organic matter decomposition in semi-natural oak (Quercus) woodland in southwest Ireland,Soil Organic Carbon Pool Under Native Tree Plantations In The Caribbean Lowlands Of Costa Rica,Open AccessDSC are already corrected to the base line to be integrated to obtain the  heat of combus...,Open AccessPeer reviewed,"13. Climate action,15. Life on land","Costa Rica,Carbon sequestration,Soil organic carbon,Land management,040103 agronomy & agriculture,Ordination analysis,0401 agriculture, forestry, and fisheries,04 agricultural and veterinary sciences,Native tree plantations,04010301 Horticulture/Soil",,0.30367106199264526,,0.10122368733088176
